-- MySQL dump 10.13  Distrib 5.5.46, for debian-linux-gnu (armv7l)
--
-- Host: localhost    Database: iotposdb
-- ------------------------------------------------------
-- Server version	5.5.46-0+deb7u1

/*!40101 SET @OLD_CHARACTER_SET_CLIENT=@@CHARACTER_SET_CLIENT */;
/*!40101 SET @OLD_CHARACTER_SET_RESULTS=@@CHARACTER_SET_RESULTS */;
/*!40101 SET @OLD_COLLATION_CONNECTION=@@COLLATION_CONNECTION */;
/*!40101 SET NAMES utf8 */;
/*!40103 SET @OLD_TIME_ZONE=@@TIME_ZONE */;
/*!40103 SET TIME_ZONE='+00:00' */;
/*!40014 SET @OLD_UNIQUE_CHECKS=@@UNIQUE_CHECKS, UNIQUE_CHECKS=0 */;
/*!40014 SET @OLD_FOREIGN_KEY_CHECKS=@@FOREIGN_KEY_CHECKS, FOREIGN_KEY_CHECKS=0 */;
/*!40101 SET @OLD_SQL_MODE=@@SQL_MODE, SQL_MODE='NO_AUTO_VALUE_ON_ZERO' */;
/*!40111 SET @OLD_SQL_NOTES=@@SQL_NOTES, SQL_NOTES=0 */;

--
-- Table structure for table `balances`
--

DROP TABLE IF EXISTS `balances`;
/*!40101 SET @saved_cs_client     = @@character_set_client */;
/*!40101 SET character_set_client = utf8 */;
CREATE TABLE `balances` (
  `id` bigint(20) unsigned NOT NULL AUTO_INCREMENT,
  `datetime_start` datetime NOT NULL DEFAULT '2009-01-01 00:00:00',
  `datetime_end` datetime NOT NULL DEFAULT '2009-01-01 00:00:00',
  `userid` bigint(20) unsigned NOT NULL,
  `usern` varchar(50) NOT NULL,
  `initamount` double NOT NULL,
  `in` double NOT NULL,
  `out` double NOT NULL,
  `cash` double NOT NULL,
  `card` double NOT NULL,
  `transactions` varchar(1000) NOT NULL,
  `terminalnum` bigint(20) unsigned NOT NULL,
  `cashflows` varchar(1000) DEFAULT '',
  `done` tinyint(1) NOT NULL DEFAULT '0',
  PRIMARY KEY (`id`),
  KEY `SEC` (`datetime_start`,`datetime_end`,`userid`)
) ENGINE=MyISAM AUTO_INCREMENT=5 DEFAULT CHARSET=utf8;
/*!40101 SET character_set_client = @saved_cs_client */;

--
-- Dumping data for table `balances`
--

LOCK TABLES `balances` WRITE;
/*!40000 ALTER TABLE `balances` DISABLE KEYS */;
INSERT INTO `balances` VALUES (1,'2016-01-16 09:18:35','2016-01-16 09:18:35',1,'admin',0,0,0,0,0,'',1,'',0),(2,'2016-01-16 09:34:55','2016-01-16 09:34:55',1,'admin',0,0,0,0,0,'',1,'',0),(3,'2016-01-18 21:51:59','2016-01-18 21:53:57',1,'admin',100,200,0,300,0,'5,6,7',1,NULL,1),(4,'2016-01-19 13:38:41','2016-01-19 13:38:42',1,'admin',100,0,0,100,0,'',1,NULL,0);
/*!40000 ALTER TABLE `balances` ENABLE KEYS */;
UNLOCK TABLES;

--
-- Table structure for table `bool_values`
--

DROP TABLE IF EXISTS `bool_values`;
/*!40101 SET @saved_cs_client     = @@character_set_client */;
/*!40101 SET character_set_client = utf8 */;
CREATE TABLE `bool_values` (
  `id` int(10) unsigned NOT NULL DEFAULT '0',
  `text` varchar(50) NOT NULL,
  PRIMARY KEY (`id`)
) ENGINE=MyISAM DEFAULT CHARSET=utf8;
/*!40101 SET character_set_client = @saved_cs_client */;

--
-- Dumping data for table `bool_values`
--

LOCK TABLES `bool_values` WRITE;
/*!40000 ALTER TABLE `bool_values` DISABLE KEYS */;
INSERT INTO `bool_values` VALUES (0,'NO'),(1,'YES');
/*!40000 ALTER TABLE `bool_values` ENABLE KEYS */;
UNLOCK TABLES;

--
-- Table structure for table `bundle_same`
--

DROP TABLE IF EXISTS `bundle_same`;
/*!40101 SET @saved_cs_client     = @@character_set_client */;
/*!40101 SET character_set_client = utf8 */;
CREATE TABLE `bundle_same` (
  `id` bigint(20) unsigned NOT NULL AUTO_INCREMENT,
  `product_id` bigint(20) unsigned NOT NULL,
  `qty` double NOT NULL DEFAULT '2',
  `price` double NOT NULL DEFAULT '2',
  PRIMARY KEY (`id`),
  KEY `SEC` (`product_id`,`qty`)
) ENGINE=MyISAM DEFAULT CHARSET=utf8;
/*!40101 SET character_set_client = @saved_cs_client */;

--
-- Dumping data for table `bundle_same`
--

LOCK TABLES `bundle_same` WRITE;
/*!40000 ALTER TABLE `bundle_same` DISABLE KEYS */;
/*!40000 ALTER TABLE `bundle_same` ENABLE KEYS */;
UNLOCK TABLES;

--
-- Table structure for table `cardtypes`
--

DROP TABLE IF EXISTS `cardtypes`;
/*!40101 SET @saved_cs_client     = @@character_set_client */;
/*!40101 SET character_set_client = utf8 */;
CREATE TABLE `cardtypes` (
  `typeid` int(10) unsigned NOT NULL AUTO_INCREMENT,
  `text` varchar(50) NOT NULL,
  PRIMARY KEY (`typeid`)
) ENGINE=MyISAM AUTO_INCREMENT=6 DEFAULT CHARSET=utf8;
/*!40101 SET character_set_client = @saved_cs_client */;

--
-- Dumping data for table `cardtypes`
--

LOCK TABLES `cardtypes` WRITE;
/*!40000 ALTER TABLE `cardtypes` DISABLE KEYS */;
INSERT INTO `cardtypes` VALUES (1,'None'),(2,'Credit VISA'),(3,'Credit MC'),(4,'Debit VISA'),(5,'Debit MC');
/*!40000 ALTER TABLE `cardtypes` ENABLE KEYS */;
UNLOCK TABLES;

--
-- Table structure for table `cashflow`
--

DROP TABLE IF EXISTS `cashflow`;
/*!40101 SET @saved_cs_client     = @@character_set_client */;
/*!40101 SET character_set_client = utf8 */;
CREATE TABLE `cashflow` (
  `id` bigint(20) unsigned NOT NULL AUTO_INCREMENT,
  `type` smallint(5) unsigned NOT NULL DEFAULT '1',
  `userid` bigint(20) NOT NULL DEFAULT '1',
  `reason` varchar(255) DEFAULT '',
  `amount` double unsigned NOT NULL DEFAULT '0',
  `date` date NOT NULL DEFAULT '2009-01-01',
  `time` time NOT NULL DEFAULT '00:00:00',
  `terminalnum` int(10) unsigned NOT NULL DEFAULT '1',
  PRIMARY KEY (`id`),
  KEY `SEC` (`date`,`time`,`type`,`userid`)
) ENGINE=MyISAM DEFAULT CHARSET=utf8;
/*!40101 SET character_set_client = @saved_cs_client */;

--
-- Dumping data for table `cashflow`
--

LOCK TABLES `cashflow` WRITE;
/*!40000 ALTER TABLE `cashflow` DISABLE KEYS */;
/*!40000 ALTER TABLE `cashflow` ENABLE KEYS */;
UNLOCK TABLES;

--
-- Table structure for table `cashflowtypes`
--

DROP TABLE IF EXISTS `cashflowtypes`;
/*!40101 SET @saved_cs_client     = @@character_set_client */;
/*!40101 SET character_set_client = utf8 */;
CREATE TABLE `cashflowtypes` (
  `typeid` int(10) unsigned NOT NULL AUTO_INCREMENT,
  `text` varchar(50) NOT NULL,
  PRIMARY KEY (`typeid`)
) ENGINE=MyISAM AUTO_INCREMENT=9 DEFAULT CHARSET=utf8;
/*!40101 SET character_set_client = @saved_cs_client */;

--
-- Dumping data for table `cashflowtypes`
--

LOCK TABLES `cashflowtypes` WRITE;
/*!40000 ALTER TABLE `cashflowtypes` DISABLE KEYS */;
INSERT INTO `cashflowtypes` VALUES (1,'Normal cash OUT'),(2,'Money return on ticket cancel'),(3,'Money return on product return'),(4,'Normal Cash IN'),(5,'Cash IN Reservation'),(6,'Cash OUT Reservation'),(7,'Cash IN Credit Payment'),(8,'Cash IN Debit');
/*!40000 ALTER TABLE `cashflowtypes` ENABLE KEYS */;
UNLOCK TABLES;

--
-- Table structure for table `categories`
--

DROP TABLE IF EXISTS `categories`;
/*!40101 SET @saved_cs_client     = @@character_set_client */;
/*!40101 SET character_set_client = utf8 */;
CREATE TABLE `categories` (
  `catid` int(10) unsigned NOT NULL AUTO_INCREMENT,
  `text` varchar(50) NOT NULL,
  PRIMARY KEY (`catid`),
  KEY `SEC` (`text`)
) ENGINE=MyISAM AUTO_INCREMENT=2 DEFAULT CHARSET=utf8;
/*!40101 SET character_set_client = @saved_cs_client */;

--
-- Dumping data for table `categories`
--

LOCK TABLES `categories` WRITE;
/*!40000 ALTER TABLE `categories` DISABLE KEYS */;
INSERT INTO `categories` VALUES (1,'General');
/*!40000 ALTER TABLE `categories` ENABLE KEYS */;
UNLOCK TABLES;

--
-- Table structure for table `clients`
--

DROP TABLE IF EXISTS `clients`;
/*!40101 SET @saved_cs_client     = @@character_set_client */;
/*!40101 SET character_set_client = utf8 */;
CREATE TABLE `clients` (
  `id` bigint(20) unsigned NOT NULL AUTO_INCREMENT,
  `code` varchar(13) DEFAULT '000001',
  `name` varchar(255) DEFAULT '',
  `since` date NOT NULL DEFAULT '2009-01-01',
  `address` varchar(255) DEFAULT NULL,
  `phone` varchar(50) DEFAULT NULL,
  `phone_movil` varchar(50) DEFAULT NULL,
  `points` bigint(20) unsigned DEFAULT '0',
  `discount` double NOT NULL,
  `photo` blob,
  PRIMARY KEY (`id`) USING BTREE
) ENGINE=MyISAM AUTO_INCREMENT=2 DEFAULT CHARSET=utf8;
/*!40101 SET character_set_client = @saved_cs_client */;

--
-- Dumping data for table `clients`
--

LOCK TABLES `clients` WRITE;
/*!40000 ALTER TABLE `clients` DISABLE KEYS */;
INSERT INTO `clients` VALUES (1,'000001','General','2009-01-01',NULL,NULL,NULL,0,0,NULL);
/*!40000 ALTER TABLE `clients` ENABLE KEYS */;
UNLOCK TABLES;

--
-- Table structure for table `config`
--

DROP TABLE IF EXISTS `config`;
/*!40101 SET @saved_cs_client     = @@character_set_client */;
/*!40101 SET character_set_client = utf8 */;
CREATE TABLE `config` (
  `firstrun` varchar(30) NOT NULL,
  `taxIsIncludedInPrice` tinyint(1) NOT NULL DEFAULT '1',
  `storeLogo` blob,
  `storeName` varchar(255) DEFAULT NULL,
  `storeAddress` varchar(255) DEFAULT NULL,
  `storePhone` varchar(100) DEFAULT NULL,
  `logoOnTop` tinyint(1) NOT NULL DEFAULT '1',
  `useCUPS` tinyint(1) NOT NULL DEFAULT '1',
  `smallPrint` tinyint(1) NOT NULL DEFAULT '1',
  `db_version` varchar(10) DEFAULT NULL,
  PRIMARY KEY (`firstrun`)
) ENGINE=MyISAM DEFAULT CHARSET=utf8;
/*!40101 SET character_set_client = @saved_cs_client */;

--
-- Dumping data for table `config`
--

LOCK TABLES `config` WRITE;
/*!40000 ALTER TABLE `config` DISABLE KEYS */;
INSERT INTO `config` VALUES ('yes, it is February 6 1978',0,'','IotPOS Store','','',0,0,1,'0950');
/*!40000 ALTER TABLE `config` ENABLE KEYS */;
UNLOCK TABLES;

--
-- Table structure for table `credit_history`
--

DROP TABLE IF EXISTS `credit_history`;
/*!40101 SET @saved_cs_client     = @@character_set_client */;
/*!40101 SET character_set_client = utf8 */;
CREATE TABLE `credit_history` (
  `id` bigint(20) unsigned NOT NULL AUTO_INCREMENT,
  `customerid` bigint(20) unsigned NOT NULL,
  `saleid` bigint(20) unsigned NOT NULL DEFAULT '0',
  `amount` double NOT NULL DEFAULT '0',
  `date` date NOT NULL,
  `time` time NOT NULL,
  PRIMARY KEY (`id`),
  KEY `SEC` (`customerid`)
) ENGINE=MyISAM DEFAULT CHARSET=utf8;
/*!40101 SET character_set_client = @saved_cs_client */;

--
-- Dumping data for table `credit_history`
--

LOCK TABLES `credit_history` WRITE;
/*!40000 ALTER TABLE `credit_history` DISABLE KEYS */;
/*!40000 ALTER TABLE `credit_history` ENABLE KEYS */;
UNLOCK TABLES;

--
-- Table structure for table `credits`
--

DROP TABLE IF EXISTS `credits`;
/*!40101 SET @saved_cs_client     = @@character_set_client */;
/*!40101 SET character_set_client = utf8 */;
CREATE TABLE `credits` (
  `id` bigint(20) unsigned NOT NULL AUTO_INCREMENT,
  `customerid` bigint(20) unsigned NOT NULL,
  `total` double NOT NULL DEFAULT '0',
  PRIMARY KEY (`id`),
  KEY `SEC` (`customerid`)
) ENGINE=MyISAM DEFAULT CHARSET=utf8;
/*!40101 SET character_set_client = @saved_cs_client */;

--
-- Dumping data for table `credits`
--

LOCK TABLES `credits` WRITE;
/*!40000 ALTER TABLE `credits` DISABLE KEYS */;
/*!40000 ALTER TABLE `credits` ENABLE KEYS */;
UNLOCK TABLES;

--
-- Table structure for table `currencies`
--

DROP TABLE IF EXISTS `currencies`;
/*!40101 SET @saved_cs_client     = @@character_set_client */;
/*!40101 SET character_set_client = utf8 */;
CREATE TABLE `currencies` (
  `id` bigint(20) unsigned NOT NULL AUTO_INCREMENT,
  `name` varchar(512) DEFAULT NULL,
  `factor` double NOT NULL DEFAULT '1',
  PRIMARY KEY (`id`)
) ENGINE=MyISAM DEFAULT CHARSET=utf8;
/*!40101 SET character_set_client = @saved_cs_client */;

--
-- Dumping data for table `currencies`
--

LOCK TABLES `currencies` WRITE;
/*!40000 ALTER TABLE `currencies` DISABLE KEYS */;
/*!40000 ALTER TABLE `currencies` ENABLE KEYS */;
UNLOCK TABLES;

--
-- Table structure for table `departments`
--

DROP TABLE IF EXISTS `departments`;
/*!40101 SET @saved_cs_client     = @@character_set_client */;
/*!40101 SET character_set_client = utf8 */;
CREATE TABLE `departments` (
  `id` int(10) unsigned NOT NULL AUTO_INCREMENT,
  `text` varchar(50) NOT NULL,
  PRIMARY KEY (`id`)
) ENGINE=MyISAM AUTO_INCREMENT=2 DEFAULT CHARSET=utf8;
/*!40101 SET character_set_client = @saved_cs_client */;

--
-- Dumping data for table `departments`
--

LOCK TABLES `departments` WRITE;
/*!40000 ALTER TABLE `departments` DISABLE KEYS */;
INSERT INTO `departments` VALUES (1,'General');
/*!40000 ALTER TABLE `departments` ENABLE KEYS */;
UNLOCK TABLES;

--
-- Table structure for table `facturas_cbb`
--

DROP TABLE IF EXISTS `facturas_cbb`;
/*!40101 SET @saved_cs_client     = @@character_set_client */;
/*!40101 SET character_set_client = utf8 */;
CREATE TABLE `facturas_cbb` (
  `fecha` date NOT NULL DEFAULT '2012-01-01',
  `folio` varchar(100) NOT NULL,
  `folio_num_autorizacion` varchar(100) NOT NULL,
  `folio_fecha_autorizacion` date NOT NULL,
  `valida` tinyint(1) NOT NULL DEFAULT '1',
  `nombre_cliente` varchar(100) DEFAULT '',
  `rfc_cliente` varchar(100) DEFAULT '',
  `direccion_cliente` varchar(255) DEFAULT '',
  `transaction_id` bigint(20) unsigned NOT NULL DEFAULT '0',
  `subtotal` double unsigned NOT NULL DEFAULT '0',
  `impuestos` double unsigned NOT NULL DEFAULT '0',
  `impuestos_tasa` double unsigned NOT NULL DEFAULT '0',
  `descuentos` double unsigned NOT NULL DEFAULT '0',
  `total` double unsigned NOT NULL DEFAULT '0',
  PRIMARY KEY (`folio`),
  KEY `SEC` (`nombre_cliente`,`rfc_cliente`,`valida`,`fecha`)
) ENGINE=MyISAM DEFAULT CHARSET=utf8;
/*!40101 SET character_set_client = @saved_cs_client */;

--
-- Dumping data for table `facturas_cbb`
--

LOCK TABLES `facturas_cbb` WRITE;
/*!40000 ALTER TABLE `facturas_cbb` DISABLE KEYS */;
/*!40000 ALTER TABLE `facturas_cbb` ENABLE KEYS */;
UNLOCK TABLES;

--
-- Table structure for table `folios_cbb`
--

DROP TABLE IF EXISTS `folios_cbb`;
/*!40101 SET @saved_cs_client     = @@character_set_client */;
/*!40101 SET character_set_client = utf8 */;
CREATE TABLE `folios_cbb` (
  `id` bigint(20) unsigned NOT NULL AUTO_INCREMENT,
  `pool_id` varchar(100) NOT NULL,
  `numero` varchar(100) NOT NULL,
  `usado` tinyint(1) NOT NULL DEFAULT '1',
  `valido` tinyint(1) NOT NULL DEFAULT '1',
  PRIMARY KEY (`id`,`numero`),
  UNIQUE KEY `numero` (`numero`),
  KEY `SEC` (`pool_id`,`usado`,`valido`)
) ENGINE=MyISAM DEFAULT CHARSET=utf8;
/*!40101 SET character_set_client = @saved_cs_client */;

--
-- Dumping data for table `folios_cbb`
--

LOCK TABLES `folios_cbb` WRITE;
/*!40000 ALTER TABLE `folios_cbb` DISABLE KEYS */;
/*!40000 ALTER TABLE `folios_cbb` ENABLE KEYS */;
UNLOCK TABLES;

--
-- Table structure for table `folios_pool`
--

DROP TABLE IF EXISTS `folios_pool`;
/*!40101 SET @saved_cs_client     = @@character_set_client */;
/*!40101 SET character_set_client = utf8 */;
CREATE TABLE `folios_pool` (
  `id` bigint(20) unsigned NOT NULL AUTO_INCREMENT,
  `fecha_aprobacion` date NOT NULL,
  `num_aprobacion` varchar(100) NOT NULL,
  `folio_inicial` varchar(100) NOT NULL,
  `folio_final` varchar(100) NOT NULL,
  `cbb` blob,
  `cantidad` bigint(10) unsigned NOT NULL DEFAULT '0',
  PRIMARY KEY (`id`,`num_aprobacion`),
  UNIQUE KEY `num_aprobacion` (`num_aprobacion`),
  KEY `SEC` (`fecha_aprobacion`,`num_aprobacion`)
) ENGINE=MyISAM DEFAULT CHARSET=utf8;
/*!40101 SET character_set_client = @saved_cs_client */;

--
-- Dumping data for table `folios_pool`
--

LOCK TABLES `folios_pool` WRITE;
/*!40000 ALTER TABLE `folios_pool` DISABLE KEYS */;
/*!40000 ALTER TABLE `folios_pool` ENABLE KEYS */;
UNLOCK TABLES;

--
-- Table structure for table `logs`
--

DROP TABLE IF EXISTS `logs`;
/*!40101 SET @saved_cs_client     = @@character_set_client */;
/*!40101 SET character_set_client = utf8 */;
CREATE TABLE `logs` (
  `id` bigint(20) unsigned NOT NULL AUTO_INCREMENT,
  `userid` bigint(20) unsigned NOT NULL,
  `date` varchar(20) NOT NULL DEFAULT '2009-01-01',
  `time` varchar(20) NOT NULL DEFAULT '00:00',
  `action` varchar(512) NOT NULL,
  PRIMARY KEY (`id`)
) ENGINE=MyISAM AUTO_INCREMENT=7 DEFAULT CHARSET=utf8;
/*!40101 SET character_set_client = @saved_cs_client */;

--
-- Dumping data for table `logs`
--

LOCK TABLES `logs` WRITE;
/*!40000 ALTER TABLE `logs` DISABLE KEYS */;
INSERT INTO `logs` VALUES (1,1,'2016-01-16','09:28','[SQUEEZE] Purchase #1 - 100 x Herashey bar (1234567890123)'),(2,1,'2016-01-16','09:29','[SQUEEZE] Purchase #2 - 1000 x Doritos Nacho (1234567890124)'),(3,1,'2016-01-16','09:30','[SQUEEZE] Purchase #3 - 1000 x Coca Cola (1234567890125)'),(4,1,'2016-01-16','09:34','[SQUEEZE] Purchase #4 - 1 x Paq 1 (1234567890126)'),(5,1,'2016-01-18','21:51','[ IOTPOS ] Operaciones iniciadas por Administrator en terminal 1'),(6,1,'2016-01-19','13:38','[ IOTPOS ] Operaciones iniciadas por Administrator en terminal 1');
/*!40000 ALTER TABLE `logs` ENABLE KEYS */;
UNLOCK TABLES;

--
-- Table structure for table `m2m_category_subcategory`
--

DROP TABLE IF EXISTS `m2m_category_subcategory`;
/*!40101 SET @saved_cs_client     = @@character_set_client */;
/*!40101 SET character_set_client = utf8 */;
CREATE TABLE `m2m_category_subcategory` (
  `id` int(10) unsigned NOT NULL AUTO_INCREMENT,
  `category` int(10) unsigned DEFAULT '0',
  `subcategory` int(10) unsigned DEFAULT '0',
  PRIMARY KEY (`id`),
  KEY `SEC` (`subcategory`,`category`)
) ENGINE=MyISAM DEFAULT CHARSET=utf8;
/*!40101 SET character_set_client = @saved_cs_client */;

--
-- Dumping data for table `m2m_category_subcategory`
--

LOCK TABLES `m2m_category_subcategory` WRITE;
/*!40000 ALTER TABLE `m2m_category_subcategory` DISABLE KEYS */;
/*!40000 ALTER TABLE `m2m_category_subcategory` ENABLE KEYS */;
UNLOCK TABLES;

--
-- Table structure for table `m2m_department_category`
--

DROP TABLE IF EXISTS `m2m_department_category`;
/*!40101 SET @saved_cs_client     = @@character_set_client */;
/*!40101 SET character_set_client = utf8 */;
CREATE TABLE `m2m_department_category` (
  `id` int(10) unsigned NOT NULL AUTO_INCREMENT,
  `department` int(10) unsigned DEFAULT '0',
  `category` int(10) unsigned DEFAULT '0',
  PRIMARY KEY (`id`),
  KEY `SEC` (`department`,`category`)
) ENGINE=MyISAM DEFAULT CHARSET=utf8;
/*!40101 SET character_set_client = @saved_cs_client */;

--
-- Dumping data for table `m2m_department_category`
--

LOCK TABLES `m2m_department_category` WRITE;
/*!40000 ALTER TABLE `m2m_department_category` DISABLE KEYS */;
/*!40000 ALTER TABLE `m2m_department_category` ENABLE KEYS */;
UNLOCK TABLES;

--
-- Table structure for table `measures`
--

DROP TABLE IF EXISTS `measures`;
/*!40101 SET @saved_cs_client     = @@character_set_client */;
/*!40101 SET character_set_client = utf8 */;
CREATE TABLE `measures` (
  `id` int(10) unsigned NOT NULL AUTO_INCREMENT,
  `text` varchar(50) NOT NULL,
  PRIMARY KEY (`id`)
) ENGINE=MyISAM AUTO_INCREMENT=2 DEFAULT CHARSET=utf8;
/*!40101 SET character_set_client = @saved_cs_client */;

--
-- Dumping data for table `measures`
--

LOCK TABLES `measures` WRITE;
/*!40000 ALTER TABLE `measures` DISABLE KEYS */;
INSERT INTO `measures` VALUES (1,'Pc');
/*!40000 ALTER TABLE `measures` ENABLE KEYS */;
UNLOCK TABLES;

--
-- Table structure for table `offers`
--

DROP TABLE IF EXISTS `offers`;
/*!40101 SET @saved_cs_client     = @@character_set_client */;
/*!40101 SET character_set_client = utf8 */;
CREATE TABLE `offers` (
  `id` bigint(20) unsigned NOT NULL AUTO_INCREMENT,
  `discount` double NOT NULL,
  `datestart` date NOT NULL DEFAULT '2009-01-01',
  `dateend` date NOT NULL DEFAULT '2009-01-01',
  `product_id` bigint(20) unsigned NOT NULL,
  PRIMARY KEY (`id`)
) ENGINE=MyISAM DEFAULT CHARSET=utf8;
/*!40101 SET character_set_client = @saved_cs_client */;

--
-- Dumping data for table `offers`
--

LOCK TABLES `offers` WRITE;
/*!40000 ALTER TABLE `offers` DISABLE KEYS */;
/*!40000 ALTER TABLE `offers` ENABLE KEYS */;
UNLOCK TABLES;

--
-- Table structure for table `paytypes`
--

DROP TABLE IF EXISTS `paytypes`;
/*!40101 SET @saved_cs_client     = @@character_set_client */;
/*!40101 SET character_set_client = utf8 */;
CREATE TABLE `paytypes` (
  `typeid` int(10) unsigned NOT NULL AUTO_INCREMENT,
  `text` varchar(50) NOT NULL,
  PRIMARY KEY (`typeid`)
) ENGINE=MyISAM AUTO_INCREMENT=4 DEFAULT CHARSET=utf8;
/*!40101 SET character_set_client = @saved_cs_client */;

--
-- Dumping data for table `paytypes`
--

LOCK TABLES `paytypes` WRITE;
/*!40000 ALTER TABLE `paytypes` DISABLE KEYS */;
INSERT INTO `paytypes` VALUES (1,'Cash'),(2,'Card'),(3,'Internal Credit');
/*!40000 ALTER TABLE `paytypes` ENABLE KEYS */;
UNLOCK TABLES;

--
-- Table structure for table `products`
--

DROP TABLE IF EXISTS `products`;
/*!40101 SET @saved_cs_client     = @@character_set_client */;
/*!40101 SET character_set_client = utf8 */;
CREATE TABLE `products` (
  `code` bigint(20) unsigned NOT NULL DEFAULT '0',
  `name` varchar(255) NOT NULL DEFAULT 'unknown',
  `price` double unsigned NOT NULL DEFAULT '0',
  `stockqty` double NOT NULL DEFAULT '0',
  `cost` double unsigned NOT NULL DEFAULT '0',
  `soldunits` double unsigned NOT NULL DEFAULT '0',
  `datelastsold` date DEFAULT '2009-01-01',
  `units` int(10) unsigned NOT NULL DEFAULT '0',
  `taxpercentage` double unsigned NOT NULL DEFAULT '15',
  `extrataxes` double unsigned NOT NULL DEFAULT '0',
  `photo` blob,
  `department` int(10) unsigned NOT NULL DEFAULT '1',
  `category` int(10) unsigned NOT NULL DEFAULT '1',
  `subcategory` int(10) unsigned DEFAULT '1',
  `points` int(10) unsigned NOT NULL DEFAULT '0',
  `alphacode` varchar(30) DEFAULT NULL,
  `vendorcode` varchar(30) DEFAULT NULL,
  `lastproviderid` int(10) unsigned NOT NULL DEFAULT '1',
  `isARawProduct` tinyint(1) NOT NULL DEFAULT '0',
  `isAGroup` tinyint(1) NOT NULL DEFAULT '0',
  `groupElements` varchar(1000) DEFAULT '',
  `groupPriceDrop` double unsigned NOT NULL DEFAULT '0',
  `taxmodel` bigint(20) unsigned NOT NULL DEFAULT '1',
  `hasUnlimitedStock` tinyint(1) NOT NULL DEFAULT '0',
  `isNotDiscountable` tinyint(1) NOT NULL DEFAULT '0',
  PRIMARY KEY (`code`),
  KEY `SEC` (`department`,`category`,`subcategory`,`name`,`alphacode`,`vendorcode`)
) ENGINE=MyISAM DEFAULT CHARSET=utf8;
/*!40101 SET character_set_client = @saved_cs_client */;

--
-- Dumping data for table `products`
--

LOCK TABLES `products` WRITE;
/*!40000 ALTER TABLE `products` DISABLE KEYS */;
INSERT INTO `products` VALUES (1234567890123,'Herashey bar',10,95,5,5,'2016-01-18',1,0,0,'PNG\r\n\Z\n\0\0\0\rIHDR\0\0\0\0\0\0H\0\0\05\0\0\0sBIT|d\0\0\0	pHYs\0\0\0\07\˭\0\0hIDATx\}h$\}\?*kx&(ed.7u\\\Ku \\4\'I\!Z,\\&\>\Z\\49ٍqW-p\u F\rF2؜\s{`#\j]rdLs0\\n;x@㙙ս\\\\\\>;o\w~/\\oF0\00\00\00\00\0}\\g_@/\%lL6ӗ9\c#\Eq׸}\B_\\\>A_6@.\E6ד\nl]\FJ#C\@D?\V%&H6ғ؞T^>ڸ58\\)!>g 2	!n˃\h\\\ƖK:Y\u n>nW:2	AN 0,\p%\s\ｽ/\0=\\=>\\\#\0- \rHB\(\\\$RHm\I\QG1\Y\0\\$z\\\-OX\\@$\)\σ\\L@9Kۖ[\VHJ\`\a`\:\"ҡ\2C&!&\>XW\\nC\ne\\ /\Ѕ\B@\\)8mH)5BP\\r\	\\)\\X̞\\\\\0Â\\nq% t4\2=\c\(\\c`\U1\a@$-\"Q<\0)\WJ,M\\'Nt\E!pH$=\iT^@\\\tc\\\6-guaӓl:xR׌[u\q\L\8B\@\'וGx<{#_`\\q\Z/\1\ܙ\p\LU͌\J*l+$\s9pYe\HO\V \eyDNP\	DN\\ua\\`\X\\xq\8$ҝ\MOQ\\\ڒ\\Z\'ñ\'\XEz\\\\-ٟt\1\\nP0?_ס2]aq%ܝ$OfМZ]\\\\\N[\J\8!F\ꀲ^!y+hB]\(\\d<oKt=l;\:#\"(\X\_\<\0\e)/\\=}J?\ĺUC\\\Qˣ!\s° \G*R\)\\8r?\\Z;]G=ř*\')\/\Q1\\IE\"]\e\\cD\\sT\\\mXfتf쳋DxS\D\"SCĂ\\$\%n\\\\\\8H\b#YÙr`,\sTH\\"_h}zӶ%\Z\L\vDR\\d\Rd|\\7\0\\nv,cwc\LJo5\<j\\\\G8V\{+\~w\\o\~\\\\;c\\\_<O{\u\'\8bW\m*5f\ <\`^4ĕ.\02\_J2e\Ir$\\'\$FވY`\JEjo,@99\t\%*Ot\\[\r\Z/֙[]	\k\\\rg\6c;6n\}%\^s\*\v+T\4@X@S:P\o[}7=\nhkХ\}_lwǦ;S	}Ȝ\"\V)\v\\lYX-֎Ӷ\N[\Ebt\\\EfO/1BmUMܙe&7Ka_AeTQ+\"%s8ٝT\Nbj+\"Id\4\@\Z_-\>H+\r\H&\\\>>\v0\}\\l#\2䆡\'\2=5&\Z`;Ͷ\|\)}\' -|X0@\v\J0\Y\\,3,F>BϏ$\\n/=\\c˲Ɖ&v Beo\ƎNO\\Uv\\\\De\̭~+=bNt\!k3P\"y\đǑa0@\jL`ڙ:\e\\,\S7;4cw23\ M\I\\Rj똗\K\\qR\\[\\yҋ\\F鲣\{Os\J_,mIm-\\\^\G_V\\Z]QB븸\U\\vsP\\-6\Zq[Nˊw\, .\\'_m\k+`\\g~\\JlY\\~H\\c\\@\\Xz:6܉w\"\\\\Iq\j&Hx=\r\\ġ!Yo4zF,Yl4ZzɓL|G8kL\"qɸ\0V;NH\VI㕸8pw\)PzWdǏ\l\\2b1;A|\D);p\מ\\$\R\\\ZIGƈ\pn\n: \Ug\*q_)*~5\%OH\n, d\q_\⥧H:n ,\̲8Yeif\Օƕ \|C\Lo_\%+sH\M&43Ne\Ф\"4@\Z\\\\ug\\\\b\A\⢘8\%h,[M\`\SN%\\3qe{̊E5\z+\ɝ41\3\r\;YJ!\B)!#\\KF	^Wy3eRϩC&%ո\=Dψst/REE\\\x\(@*\q}U<\+\_\F\+\Kw̞Z\\bټm\m\;\\cq\ZjT\~l|.\\^f\*k\'c\\L%V*\\\KϏq=\maKG/{0ׁK^údv\b\\ٞl  \ ʺ\\5R\5\\Ϟ\\\\~[1\V3t\bsq\$\nI\l[Y1H+p\듊D0\ӊ\7ĵa]vw\7=+~{@Py|>ی@y\l\\HQ\	7r\27||NmOg]#BeNj<>JZ\\\R\q%07\"?aV+.<vY\!}ָH\ZX%;eII!B~\=%V4p\\h9P[ZC\[\0ڰP:[6a%~q\\Tb\\\<\n53\kZ\\"ɐ:΄N%K\V<Vʊ\\V\\'\֛I\n辚e{߰\Z?.6\\T\D\U{*<M1&r\\XO\՟,\&P\Jh>\f<#Xnx\\"gAC`;}$f+}_D\\\L>R6Z}ZMX\j	\\\C;\n}`3Q#\%\(Wh&DTExipG)\5-N\-WP /u\>i떅V\`jk\̞ZJ[~\Ǫ\0n+\EiY=\'V\t|\\@:!.\\v!!X<\EUL)\ߞJ\/jϯ\rKIgQHg{\}u*ߧ3/\t_\v|g\Ƌqd,S/a\V|:$\˂ǃ8\U\A诛>!\d\,\TL::Pn![;j^ht\ѐt3\Z\\\c5\\\sJ7\_\\y\XaNX:R\\\\xuŷ\p\VX9i⊜u\\u\j!OB\':APz,; \\Z\W.9\uA{3eo\	\HEPbrv:RD \6CiH+e(\fx\h\x;0\Z,t\\LfD:\\\\\XBq\\\0\oFҩԂ\"х\\\"\\\|\DRr\0hĺsR\W˙D\n\>.F\͊䔥;\%.4\l\h\0͏b5sJ\vT\\#\\	\\\\'A|\\(\\rz\0LX)\6ZX0/Hzù\KQlՑX\\$\\R?z\sԺ\ZG\\\E(/s\\u\\L!\\un\}\.sh:n\y\\\	\'l\TN\	\'\\[\x\`\ťTKLPr\!Q\3KGja^?\Z\^ Rf\aHJ紞J}ֱ\P@KY(,\\8.G\Wx\(\\k\qM:RA뒅\K+\yJ_W\\eI\B*\Wƨ>ء	\\\Qu\\\?=\X>\\Keb䋈6\J*4~h\%7\.\3\\n\U\|E˃ʓX\\Ǖ\'0\3C~\\DBwe\p\8Y\jYJ\h\'/LeeÊGj:XwNC)r\S\$}{Z\R#+I\+1o°@%\;lEC>,aqFc\5޴\\Z,\SK4lg9kSo3aU:n\'i;\ƫ\\ͼ:%e\\#\\2\p#7\0{y\!\\\\2gOrc\ZG\XV\"i\\\,NV̳~Ռ$ȾJݙDw\Wǃ\\'Sa}\U\\\*B\9닟\YX]\"XD\L\w7UMu\\eg\nS/>D\[\n\\Z\W\W\\x.=,VPok0q\X4\^V\\\8\\\I\\D\"v\\5j\'\Zb\7*\,=1\M$\~\!\\'\\WC\x4g)\ۻi1\ǩ\\wl*\'\ga|NsckI\Ii(N\RO\O#ߛ;\\.\M\\ncd\\\2Te\Yy\\[lrurkS&zct\\?\\]6\5\*c<a\Lt}ץ\NkǞ^`Y\\'jRwkkw7\S5؏\8\:b\%\lk#\<(\^D\y\\_\\	\}y>V	O*c$\(\Z\7\0W7joa\V\\\\l]\@7k//ܳ@\\\e2\9\\-C,g~R\\w]槫`U.s~\F:F#_H\w\N\\0\YuK$\D<ůD\8S=$E.su\yp\\n%\uz)\"\Z\qT\\ \\">z\\0_zl\gTҐ70m\\})WW@t&\wm\=C\\\C\S\£\rH\]%+\T\-\o\iьPW\+<}ׅnl$\HRNCiwzW0\\\u)iӠ\\(p%N̓\\Y\6l)\SK<{\mʷHu!$\c\DEty\)SC(B\"b[n\#68}\,\\n\h\lryHc7\L|r!\w]\rZ-\\w}e9#n.+x,I么|/+\߶</\'\^\\n,^ \͡v﫵XՇk\\=Cgm	6R\1\@!\4\EHep\5 R_ĺ( բ\Ok/qdY;HZ`\ik\-`\\-\˨\S}l͍@_wl\^c\	D\FG:s\4\"˺A#}7Q\\}!XOII\z\\̺\4yPy\~~AdY	\Xȿs\_\z~\\r\r\"\o\@J\n\gY<QM[\e}\\=EAY*L=YU\5l,@Q9@\\r\5N!1J\?\@*P\KcX\u$nNbJ\'$R40Z X\Ŗ\',\Ho\*\O\"b\Q2\3:\vJ\I>S\}X*%W0*ؖ.\mG\p\Z!\M\\\v3\6\ût$\>?}X%\uH5\'}KǍ\E\\\}*0\00\00\00\00\0D (`WS\0\0\0\0IENDB`',1,1,1,0,'chocolate','',1,0,0,'',0,1,0,0),(1234567890124,'Doritos Nacho',20,995,10,5,'2016-01-18',1,0,0,'PNG\r\n\Z\n\0\0\0\rIHDR\0\0\0h\0\0\0\0\0\02\\\0\0\0sBIT|d\0\0\0	pHYs\0\0\\0\0\\od\0\0 \0IDATx\\\\}\\y\\\ے\rRjz\\zY&aYT\\\Һ0]:YT\M$e4d ^\\~ZD)i.Zn\z^ˇ\i\{V\~C\?ιw\̛\$\\%f\\s\~\y`\\0sJ_D\nW8\\\ݷ\n{\>\Y\晴Y2TßAu` \xP4| =I\S_at\Z\,J\r@B\"PRDR+\v|\"	I \T\}^\0|	\&IFu\\rF\\P\.FA\^u;\$ -:G9,\5Ty\\_(IKR`\6 AC\"x%Ilʻc|kO\{>do\\\޹&aj>|\\R\NA\n|\ֺS\"F@UHMD!O\Z-t\xm	꫾4,c©׉N1*\$&	c3\҃2\H=&<KZ	H`\ZC#.\0\$ݺ_\}T-\6Oz\\\\/NÄF1cՇ\d<IЍ\" }\nA\h	\BJ7\Z\i\\rMl\n\z$h\QF+\\\ BFi5ؖ<8w\\\"Dd,Q(5q\0\\0f̄\]^cFµ\0W>3r\\0bA\C`$2PI\Ȟv\ZW\\\e#1B\NVpG9,A I蔻\C`\r$-\KŹ*(<\\$,I»\\UtPY:%\21Pi\\0^)yW]ϩ\\[E\RȽZ\57\%$JD1(Hfu\\\\\9i;R5h*# R]r\ڞgֲ&߹#eI\zYD\aT1Z%:T\\nY:`AX\\}\v;J-\\|\\0_R\~dS\ȍP-\nܵ`\nQ\$%J8k%Xk)	P-Tz\Cƪju\ϰmZaꃄؖ\\2	YAC\U(6r52D&s5쪴d@>\\\\o=\ހz\ZCY7>Ki%\fږU\yM(\\BDa\I\I$_Z\*\bIx\Z\Q(ufl\\ͪg6HX\\\"WY@$tuPW\Jӧ	ޚP\f\0\\`pB\\Z:itBJi4v\\Pu[\qujb\tb~=h?͘kT\\T\	A\*Ɓt\n\^J\1q\Z)	P\\	\V q	A[ r\\Q\=\0[2Zz0	Bq3\'\k\iT\y\$A\񽒨\\f \reO~H\ril-:KZ\\#\Z6)^\SK	\\\`&5@mk\Ҷ%\v\=.د\\V\W\C \\	%uHd\\r\GWrR\"5rhMY*\ߩ=\$~V\(\+)7\L\\j)<\\#%S܆\Z4[D\\\e\8Pa\N4q@όkj\Ԩ}\LA\\r_\fpv\۫:/%1\=Lq3GGRF\\\\*\\)o\4֪\rnV CɽT|?H#Qs\\\*5$u{\\S\nN6cZy_]$T`\\C\JE\xI3p[9*ycl\<[B\JI;\(;\q\JW:>j~\\B\Ѝ\\"Sٞ8[ڏ#HJ.f7$ \\hGg%mO\ȠI\sJ\q\-Kz0c\\0`^jHT!s\"xS\\`[\CvX\i	ٽ)6\BT\\-\\e\PUY\N\	1A%\\⩙	!&\\\\Az	u$ܫZ\" 6\V\x\(U5Q}gƺ1؆f4\m1\U\:t5KՐJ\\*JbPࢊ\\\y\#&v?\ѬB^6\5\r򐴒\v!bVfU|SMF\T^Izm\Zcd	\)IQx--{C\l\8%dJh\kH$H:&^#&7l㽊0u*~.\"\8ߝ\\nCdQyhW\Z5ZP\(H?R\˱\"%5B\h\0\pD=?\\N%=\r\S1Q*&K\)V\J*\\1EC\Oz[e(\OUA=AOP\8@R@trV/Ntge\r`\:*\uAd\ە\r\n/\q\ Tԗ	˔$o\\()\|pK\\Id\c\2\Qn\qn\\Ċ$iӝ\\hE\e\d\h\4\\`_蹡뉮9\1\\\\T\\5 \T\d5\0|\iSģ\n1͸isՊ@\+\O\[ٚY*S؎gBmMdnRZ+\\`C2\?f\\\0ϫ[&&\N\Z63#{\FH[,\0qT	O\r	Պ\?+#	g\$Q\n42I\5\\Dr\ǆy\B!\zj_\يD3II\0\1!|\\\i\Z}T.8WP E\\\\^Ԑ\r- \4\"omoW2PHBǏ1InBKК\\r\p\>(Md\s=\rI\d\Z\c\_TL\A\\'\\qW1X%Sxs+~_=YK6	\\`\j <Sqd3\/y\$$S%io\RKT2&Yj\3)\g\q0S\A7Jʈ\\\\\\]&ֿp\\z\ek*`XJ\Ti\\\\iK8^pRU9.I\*G%IH\X❽!|ODAw#Ĭk*\\iMd\YI¦T_f%\"m-\Z1\B\qJ\f\8	\bYu\\rKJ\\\o\|t\=\ZI0v\\\96F\\\X8%{)O\0I\\#\\(Qp膆 jWL\3|3\z92ax^\\\rk`E\\\r\~;cFP\^Vnh\!a<t\xe\\)L8\b=A\B櫸 $C\'ʳ,+8Fdۓf:WW{\3i/&\}\j\ەU\\\rǷf-;\\r\\l\C̀@4\\s\=	\\o76=\53Wiys\9\ǽ3\\#Ϥ}3ϊ(\.\\7\~\vM^w\wJ\\C\\\V\\m=\o6?7^T\ɗi\ZM#\9`.hL00o?\̣w\3\0t\>w/v$\\M_ysВ$t i\з\\{\\\o\Z\qX~\\Ϯ\z\\>\\n+wLp46\5}<\fAb~3_i<	\r\V6\r\mma&\vL3\\\\43ϏM\~g\\@\O	t\o\\Gn[r}<sbCAG\\[ZM!CT(4b\\ٖ\A\\j>~\\?\N~-缂:p&fӘP{9ۀ\n\^IH$a\*oj|nd6\BmyXH\\\A#`bw\\*\"\\P9?\\Y,\\ -K\Ϡ!\\HF$Ʌ굣\if^P\\\4>W1XT\el?`?\\?|V\?b\0O\ǹC5\\\\\}\M(\\?\=Z\\߆?\{z\\\q➄\C\\0{V7=\7@\$s3>Z@\a@6=$\7A>$ws0o\\+a\\\fy\whӏٱ6\vg.4wWe+\4fl\:\0kr\Sw\ns\c)\WtPN)\\}\\3\\n:\R39g\k\\}3g\\\\h~$	\k?\\Îͺ\ii:\Tu\\P\\k\MqC\\jA\ѯ]poʩ)\&rpg<Jg55^&\\"bDl\\S]\=~\\\K\\e\Z\iٜ\?ά>\(AO\\/4b\\\⺫\<\0\\Et*\,s]v\ZloQ\\"xKN\W\$c``9~\$v\	\\@F\DJ\"\\\ZpgVS;JPVu\rsPNW\3\q0T\YH\3\\W~!@\\\<\3^yBȽ\\\\}\ UB.\3vK\^\HD;\\B\Iϥ$W)T\\3\m[]\6ˏ3\<\&\\ΫrT,G\S5Um{7jj|mU>]x9NJmǟ6\\܅\r\\u\|\j&tAЍq\\\4?e<\!K:\!o\ӿ<s(P6rϫbExE=B\5RB[\	\\v8\r\rWn\\5F=E,\H(\b8\XUu\0EXQ\\\0\I+|zc=m:\\l\m%\z\\5H\\q\j*Ie\9\9\i\|p\3lL\z\?}w {\n{\nU\%Ww>-J\@?\r\\D,\\0\\.AckyfAxvaXQ媇*+uuOI\\M\؜\0[\ NjƓsJl\/ݭ\m\ɏ,j\\\TW[\\CG~\:xd\FH\Z+\V^tDV\k2	w!\0}?~E㜇\'$J1TRew\0ۙ\\"<\j\*\>_m\m&\;J:7=􎲦C\,`0\o\\9Hc6\w\t\\3ホ\\W\6wȾ66e@7fnfiX\3\\o\\㙟\\*7\VL*k?!N߸fsgѵ&_G\C\x\]\6\^\"\@e\ٖ%א\\<\n.8h^3,\ێkqb܅`0_i\r╾;גܗ[\aV\oZN\'տ\0zإX<)z8\\\y8m*M\\\z5\0FR\bg\y\j9\%uhY\\rC%SCeI\9\9kc!bɠ1Q\rV\(\re\+\\V\\\\\h.\\\PO!\\пxaG\\a\\\\}\Fx8JّX?2T\\T\\\g~Os[~\ӻ֣\A,E:R7J\4\ʞ)8*\2B\'\0W_\\)USD\\	L\ʓg\ZӲd\ɵt\QD\\\!\lâ\\GH$\x(H%.z\h\2\SY9K_\\rK\=1g[m^\Z:\rd@M\\ǖ齵\n\"vc^_!\t7Zɥ\6\\Z:{\E#Ns\\%TUyֹ\\+T\\v\\>\];|0\\\Y&d=\o\h4*nzra\¯yT\.GMxG\.G\i\}\\\\ӣ\h4|\\\\\\\ˣ\.GGZvt\\6;FF\.\\wwmDFҒQ`g\~>Zzty\y1Z\\HDFOZ;\0:/\\\+WGW\\}\3|fQ[ddEF\"2zv=\"˫Cc\Fe9*bT\HZ2Zj.\\i#g[2:\n^\\3`y\\\\\\\\腖leGy\zȫ~C@ђ\\޸0BddˎN\\UHBAt3-~diԍL˚8_xv	T\\׿;ꈌFb\"qDFgkG/;s\]	T\\\-\M{[\\\OڼWvQ\N\`\o-K\\0\bv΅W5eޜ$f\\a飋;ö6d2\8^?G\\(JQp\ENZ\Z8BܼQ\\0y\`g\\\\Y#4$HdnKP\&\c]t\\\\;_\\'8˿>\\~˓jua\v{wT\\Z\\GFui\\ɟ9Q^\.G]\Zԓ\{b$-\L@\iљ\\}9^j~[\'ag	bwn rC\f\0>\9G\Jp\qڶ9\\\\\\'q۫\6.<@]gl3˞L8S\k\\.\YT\K\\\]L\2Z\"x\\\0k-ŭn\\\o\!ѵ\\\=\i\\|*\.\\\^ҙ\Aխ\\rx\\N\3\te\\7^O[˱o\|\2߽\\~N3?\Of);]H\]\\g\*F((8\\'\,6U\\v\$\\\\}>+\\\\lxL҄\b\o\\	UpA\Ҷl\ٙ\\^\\ϝ$3\\<\3j\ZplM19\]5ɱG\r\#\x\.\T$S\7l\$\s\Շ2\a:/|S\#$\~v=q@\\\"\ٛp\\-5}p .D\\0w\'\nF4m\,]#-d\/\\\½\'g\r\Vo\\_\ܣ\>x\ܯ\aM3Ӱ\\6\#9\\	M`\e\e7H]\0q7 FY4amt>w.՗\r\m-O\d&gl\r˲2Tx\[a-\\n/\6\87\瞧\\}̂M\\Bv\"ٗqN,?r8a>sm\<\\\\\n3`l\\rG\\8ڲ{x}\c\\\U\u8?\+/h\\]\ow\a1v D˫==ȋ|\0}\S_\9\\^Jg\\Dw\3?E8\a\\Z\[e\0g~y\\TL\,Ai\{\dR\\\\W_b嵕q-\nӋ~\/6\So>`\\w>Vk_q\P\:{o\N^iG\9\\\sgո`\\0cI\P\Z=\\nOO\qV^_\\:[}\ZI^g\8l\\\_\\'a2t\/(\\zz\b\"H\7Ǳ\.xe\xa\>C\1|R\A+zQYY+96p\\O߯\(6\n,\n2\gNн;\\'*+x\s\t\T\n&*~`\tϮa\|\\\Sq*\P\\ng~=ny~8KGyq\8!\\8{\\xm\\tX*gg<Na6_Oˤ𡇧Om\_\:\\_\c\\oHm\\"п\\\Í=w`\\#\0eIm	ʅ)\O]\<\η3W\j\B>T\n\\\͓\\!PRքATQ\'MXa\\y	\sV;JX+c\\̎\hK87\\3W\Pr\\\\r3SsP\5L-Щ.b\/\r\ybY&HO(Ip\>-6I\Q ò\ړ-#x%/\ \jM\@\"B䕎=aMg^tB\	\o\3{xarcY\SA{ʑ<?5\l\rmD\ZnɶN\\\'sĳuߢ`g/\@E\#%tRʙڂcUQbJ\rl%<Ҭ#Ў{-ť\}༁\}N\6͂΃)n-\goMo\gSڟ\\@9q\լg\\\%#\\\ansq\)p\^k:\0\7\Ml;wwIff\S!\˘jY(\b)n\\\\\ב\^9\\\\)7c,E8ڂ\領gcSȰ\ ؛J\Ib\T\T\\m\̰l$ːҒ~\"\.=\\jd\\.ҀR&\\0\0 \0IDATP;\\l\\Kvk\U	\1\\Z n\6h \TYZSN-f\IQ\g#\RL~}%}k;\'m\\ْ/hH@f\\V3!t_KQ;[w\\TG/\\.2\Z2\\B\'Y\n\j\\6\\G?ہ\Á89\EP/U;;k8\vv$P/\/\MU\ׄjd\F 5b\kFx\9dr)\L\ܐ\W,\\u\43\'ЯG_WVY\\lC4B\YdF\HB:w3X&I]\l\\\Z\\0	4@-\t-:(\l-a\3G\0\\ߘ7#p\ؐݵgmK\Hz]U$\N{\bm\Ѹb\{\C\-	n	 .[\O.s\i\\"s\\Ov\néoy~c\\B4OKc\rԆ#G՚l8,\0\%hD\iZAcŹ8-A(\\I\r\(AsR\THD\Kѻ\_`\\P\nYBmY[B.\z\U)x\)\Nq\s}7Ab9\'kIHe+q\0\\\\9\Ǘ0,X^\ʁW}A\~\,r\^\\\fsGV/\y\4/gO\c\x\"D\\n/\\]\ݥw\\rR{\!5\\P͍\\_$Pѵ8k-S3`2fpf\8?\c*z\]\o\_\\/^&\v\0W}dcV\KK\nF\qmܕك9\z\n Z\Uҳ\:\]My\;TT7\\κtW\t>\\Z/zG>rod߇\گ.\>\q{\\T &c$G#\\\Q:\"t<Ac.s\\\\O\'?\&#|)\\'L\'\\\Ƌ\0t:\ǖYˤQr\+5Ԁ\$㝳\̨\c\\g4\s^\\\niq\ijp0ڀ\+XzSva3\\m~\y_y]\\>Y\Ïee#G\[=Nq7zd\rr\?ű\L9ώ\R+\[\1ɞ\@\@\'W\\\惷\\r-q>l\(	Ҳ\q\\wW[\0\(8>`Eeb2O.t[\ٶf\n\@d\XEz\\m[R~<&\\U\.bá¡PmV\F6\93^\_W\P<\g@~mA\o8x\|޷ˢ[cN\\\\@`2\\U\|s\/㥬\\O\/!\Oc\0y,\nĬİV\ŏ-^ŭ\\?Jפcaw`\]u>\	\&&\\\ƽ\v	рWK%O	[\x\X\/>OEV.\\Z\6\&Ԅ#4\~tZ\'o\Ë_8\ӿ,rx\0,E\Ƌ,\D\ҡq\\\mo%B\y\\0.\;\GT\02>\h|B$`eݱ\stl$\\\K\\I(\\?\0/v\\\ih\Ϝ\\J\\hsz\\m<u_B\\ԣHP\\\\-oҸR;m1ihtQ@PEE\\0m\\Z \\@$cK\BJOJ\C?B\\\зA\I\"Wz\ŵ\rzXye>ָ7\A%I8\AíH\\O\zF\\\\+	\\{Yl\\"~\'\H\9\r|c\\x8l\\\8\a\W^d\f\\TKՖm.Lp+g\.V\ev҄)\\\[ƕ~\]c1c*Q \yP\\6kδ,=RB\Wr*\HBG:\\\#\\#I\'ΗΑ~\xH \\C,tе˜\n\[xCa#Y-\Idw\9ROZ}\\ﻩ\O0lYiK$\=V	\B\R^Lч}\Wa3v\ZR	gF\içmБ.\\k\rJԧTPgS\l]r(P\<\9\Tk\0Rsq6N4QOg+\0\(CֽJL\"@\\"o:O!6Q\}Yl\\nk	\\{\\f5^_\cj\XW7Tʲ\"TYىu߳(R^?H\_\i*`\5I3\\2\\#\:\WIM=\mG	\\\zc«\t \\óNGi\4\\:5+8QMΊJm+\Zs^)\w\8?	\E\Lc\AjfC%[g\uBB򜼆3:\?8	B{\[\6\qߛ\\\{\QSU6&WK8\hsjiz/\\	e\\Z\HF\rJ\$L\Bȝ\\ {Lh!\͞JiN$2=]\0\~ՉKۜ\\w	;\$\\\\\VY\YĘC~. A\ƧE>b\\\\r\T#U5T[Mьolλ퉃ek\N#]{\n*jދDF\}t)$MuUaC\q\yDZ%\MQ\\d@ML}7\e\1;\\`w\rDK\\nN\/+i\w\-m\\"qc\ǅtB\k!\\\zXź\"ly\U\r޵`7}\󊆐 \ReSU\\yH\z_}3ps7x\sj\zzCBM B+hFP\"uЛa\耄~@a@BQmK$N2.\\B\[Jz*Gr\Z\Z㙵+n`g\\ϴ:A2^/A\"JX\\\-zŁ\HV\\<\dw\%\\~a)\nC{=7\np\4Z9\Tt-\\9%5gΙ@5Q\\g?Ƨh\\w\4ԝ\Ƌ\NEm\nJx\R_U\n_WdX]\\b\\< vkE\Hf!W\	\8e}u\<A\\yT)US6D	gn#AL%T\{\\0\Z,:\Z fa\kE YX\ׁk\s%\6\c, \\Q\G\\2t\.\\r-P_۠\}\g\"\RౚT\@Wr x\"&aBWuy\n̥^Aaؑ1v!MvI\`\^[_\U\/9V\\'d\hE\h\\m%\!`Ը`9E\tڂ|DZ\\}\͂\\N`-\z*pc\' V&\ndnx\NO1gITof\\uҰk	\\)g/gC\\l)r\@\е`suv3LgXd	$\\X$_c8(\\\\ \*mK\H3C\+I;\\^83Mԧ\Wmvƾ-dCb0pa\\\?r\p\\9P\@\yp\\ݞt\\\\QhA\0AC)Uf\W\\"}G\ZI\\P\\%ۈ\\Z)\nZ\ Ⴓ\CZ V\,K\rY ^B\	`t\[\Z4U)Q\p+վW\\^c^\\qE\\\KX4.$\@\\v8\*Za`V\\\\B6Ž\,$HIC:v)-(Ƚtq\"{9\NI-t\>`Y:\}0ö\\0$-ȡvN\ŠM\\r JD\\\{C+N\Q*5w؅\Af*f\+Qz)t?K\l+H+\Z\u}Gq%ip.c\\Av {H\a,Y\"Az\P?z\R%\:U2\Z2\JHo+\Wqc\\\Z\\`#L\\MGj(V\\"%\k2\l:u\"ΔB1\fSq\\HW7\r	E9`\6+1\rsТjb 8d?a-M\'C{9w\}I3dFԑ,^Gp:{\r,\\rGEq\\I	\40IK\"iP}j*r\n^Bq,֧YPrv]hS\\n%$N\\\|;%W\p}$E9\"\=\\w.\\r<ކ\A]-^BZה\>E7@W\8h(`2\W򵒕\ \IJ\(Y[\!C\sׂ\Z\v\'d!@JE_\+oBa|X\4Te&݅t\v\,WQo\(Vo\\  \\p-\;ȂE\0\Â}s\GSne XҭEȋ FԆ\;\ۈ\m\\r\[ V\")\\qq2J\\~kh\	;z\\\YUP\\UU\\\W\IA_\rOڏu \n\"xoo(U\.\/:tX0::bdQE=ڂbH:aUz\o^\]\9\ɰu\@\\y$JE\˾0\\\∅lAH[i|\5\"F}D\\~ \6\\:Xf5v+.\\\rmrPЁl	\X7B\/)Pk.Z\\Ų.ÄTʠӫa|r)\ruۑ\w\\r\\u\\\]A~o5\OE@\RQ\NI,{#\P2~&zݱ`\)oߕIީ\PI9c\\/cϐ,r\0O\ }X\\l\\\\W>\\\po8\#}쀒Q m(\c\KP,G\\HF\\nػ}\(zaZ\vۂ|\0ރKp\+q+V\\0m\\罼<R\\RD\w([ۥMʏ\2\\UۂL<U\'W8\5/\y<.\\(\\^e)\'>\E\r\^\2+}\%oR\ڒKa7\y\\2 \zCp!AQMK$6lI\C\.$Y\\j\`ۺ\\\I\\T+gù\\aCJ\?w\*٣\O?@\@Q@t0H\<n=\	A\\{+\|\t[-zё_7\~A)G<\WH\0q$I\\JJ\iQeʫ\N\vVq&<\\D}K\2eMH\Ŧz\9ˏY\\q\z%v_B瑌\C\\+}ʒDȽ1\!ȁ	j\PX?!\\JA*\#ա(Pஃʐ%\/քIDh1]PFGD|\ +;df-v\\̊`3ZH$(ՠC8S*	:,B˃\\0%qP>xZau|D&ݫġ\"ꭜ\Sr\m\S,чEp\[JJE\a捆 \ =&\'|8@q<+G\$IH}Iq\HmPr\\	a\?h&J\\Q`\\96\!$D\ٽE\U\\n1OQPn}Tv{c=<ئ{\Z2gڇ\|\!a|u\0m	+\p\k%\\Y&l\\j C\h\ ΤIH	GJ7\nTp\ /{f\ \\v?b\"\\%t\#yX\0UTDKHD\>\FCl(B~n\RF_Ax\L\rv#֏XuLU?]7qvVT\Z59\\]vt|F#U8^)v L\ȶ.C\Mŭܔ<Nqa\\\\\eZ\P\+\/(٧:\:\~I~K\Z-Aު\\\\-eV\*\ƽl/w;X&	Lw0Aijp0Ni\[\>0\_M\\\n:Y:\1\\̶\d\V\[Jq\r䡘E^\0QA\Oj#{\0$\^*ӎ\\'\\n]\\np*8W\"P*ȣcA@\-\y\\<\NA\\@~;\[wǻ\\=ٟߋޠ\x`M𛱏\05s\\A̙\\03gWpF\p\\\=$\\.\C\WR\\}Y̟3?X\\S\;\\0\=П\\pjH\\!8dc\6}y\l\\\\(d{ܿq\\\z5\f~HH7O`\c\"U\\3\\9Æl\wxi\=\v\@Umpw\zGY(bkcrj6LnZ\}T3f\n8-H\\>E7z\\G\>\iQ\JQ	ҿR7f37\Wʋ\ZK:$a\Z\\0Qb[),i	Tqo\n$B;\K\Zͥ$Ɏ%TM\\^\Z2n\ʯ0\xS\^̕1\\\ra\\\Pæ&\ǽ\G7\ȶ7>^a\'_\~\\GG{\[KV\>u@J\\AR/Q^\qex\r˸#}#ecw\pmѦ\q	`W\\*\CL#U1P\t(@E\\vR+\]8\#W\\0נ\ni\ZR1ns:3P:\>z<r\r\\\npk\nrP\M\\7cm^h\\Lٜ+1I&\\\\J9`if\م\r\\\r\pm}[\cZ1\\E\Z;\7\p,s>\,Ůh\\\)g\r\\\K\\=^1]\!\e\\뫓\\a\<\\\>6nĒ9Þ=dVc\ez\y?P\CW\\Mhݑ\	m/>\5mP8=~\n\'e\\\<w8ty\\߲\\:\W?ޣx\>\\75\\FcO\ \\0\#Q@HKݻDkP\V\~\\%\`0xGq\?(j\7p\Ɛ\_1\H<{԰d\\\y\{\0\\+\\\r\kHK\\Za6&`27\\\\p\\i\\\\.]u\\▫{qRp#Ǻw{q35\\3*J\o)źR~GI[aP\`]Z\F8\*+5\녾j\jA13\&k%E\rM\|W\\\\Sm\a\k\Y\S:Etl\Z6_c?@\\dj&	73\>G\\|Ć)\<G݌\\+p~m\TmW\\\E\ҡ݈iC}\\\	:t\\S]gL\Z0˦L[\\*\k\+}UJ\>\L;\Uŝo\\r6U\'2UT\bG\\\{\7Mm|c~\\6}{\\b\#\C\\U\6d\Z\ \=#L1@67Oc 99*\aP\w<\`4\S`a\\۫\+|\\y\pӓ \'\a\y\\m+A\~/\FU\\FnL:\e\m\\Zv[qcJ؈V@\\\.\\@\pe9^4V\1Ì\Xx\\C?r\0+<,JqWrR\]T\\n\\4=̦\n$HfO<j\\\/\0߯.\V~\k\!66=9\ޅ=DߎA|^%Eަ!1\\\K\"I\\\\;ڄUG<\n\37\u2f̜\\\\\\\\\\\\0C\OP\r\yD\k\=	<66xӜ`Ώ9lzx\\F\\Z3!E\\s\\ˣSG	iAVV	\Qt,\겙\2\\\t}\\\(`\1BVH[\h>Y\I\\S\\)yn:s\0@R/i\\\B\\vyI\k\jB\:\۸_@FQ;|@}JL>\[\5\'\'\}sN9@(h$4\"Y/\@6y<\V+Ρ]4\\\\\ꪮ2h\8\r\rsvC\\\)\[3P\zI\gy\\\\*lSu+\0P2m\9~\0\0	\IDATɾ#2\RB\\1SX\\\!\ԩ\3Z+~RxwgP~\ѻ\\7\@3ZMZxhsY\\\\`<ǒ5\"9ŧǋ JTxoW\\0<\SPy:w}2H\!`\L*<\Н7!\K-QmxL|\n[\ǙQM	?k7s\m`\p\\"\L5zO)$G\ZQ94{	ⴞ\\sRPpL\T#:^\M\D\\\\G%\Z\pI˓\=*\ur\GBD׀ѽ7\'bSp<04.EJ\0YC߅~z\\V\r\5\\\S\fMˇbgj	\\@n\0@\ݰJI\R*8+\de\\\c{=\\\"V\nrL\@a!r\K\^gF\n\:RB*kFz1\\*u8n:\	X\&3\\($Ǿ\\/\fR6z\0X\]bAW\A\\0x\^\\r\\B\\\@pux\z\Q:*\d\5\" Qw\Z)0I&r\E+aj\\a:?\po\~gk;0\\5y7W\Vf\ߙi\2%DS\ \nJp\}\\yX!#\\C\u\t2\j\\\\V\뀇ڴwd\-mƤ\\0\\A\%:\n,@A\㫄\v@ \{7\ d8նo\r<mR\0cJ?EH\J\y*0N\P\\8[\@sX\\Nw\qE-L;t(6]BNG \Z\!H\"̬\\N)\n\EaC\ ,+X3T$/j2\Uc&,AE0\M\S,i&\\\r\u.\\<#FfBÅs\UՑؽr\\\:&\Z\'\Gf\ZD\\\G\?\\/$\B̸%a&D\lo\0]Xtb\>~٭\h\n3\/p\\	\Y)A{NJBE\}\37}`;\]\\sWQp1$gHDgS`7CVsS00U`Z\\;X~\0wI\\Aݓ\\0\:\\\>\ft\E\\\הri\Zy_BE%3Wy\d-*\\k6\nz`٣2\n\v\r5G7A<²q\nj{z4c\\]T+QPwCz\˙B\0r%P\nBMɁe|\\,\;9;Ԥ~u$\\083|`+\]\\P\\;Y,~\5;\L*4ϰ\\0?~\\G0OK,Q6\r蔓5ק?gn\a}\\{$\v{nx8\}\\\E\0/c\'\\`6攃6\+`\2M,OA\a34\b\9*^	:\\Z[6\K|j\vvC\\WX|Bߵ\\=\\K\\mKJܱt 4·\r\\\r\-c\H\br붼+Jh\#uN\Ān\\9\OP( h^7\Yk\\S\0rX=]s@y\\lE\٭QAa	3,,ilp\]\"\\\E\տ\U@\w\0\V\\r\nЬW\0w7\?\\\U\\Oc}\\b1\\ry6AR\k\rn1niu}!\RFx\1$w\$6\0֢9`_a\\c\ޚ\|ث_mPY\\OAw\0\"9K\6\AUp\#\0X\\|/\U\3^.f\Nd\[>6\\n+1\eJ=!|\n\\\.r\ qd:%D赲`6\\'\W1\a\w\{OXv\Z>Y`$\/Zl#X\z!s֊x`\T,MIM\03ͤ\nu\:\wT\:\Z\Vq#O\r8L*\"6>()b셓1\SR\'r<r\Z]4+c`\'U8\n\p\\p{\0zb^\*L\ltm*o7=*üt^rSF.g\rMmlM\Z[ށ{+b\nZ\\0`W\\%0\\\(\D%x3QE\HclU+\5*S6{\ۿ\>u\ >ۯ\U\0\AG\e2ۄTSЈa/`vt(Y\M#[\L¦L\\ȍO =<Z\!#cۄ\\ܶfJ>ksȲ]w(`:\CE\$\\UwH\\'\K&]s\'^C\\zA^DEݸ.Q@3m|~MD\\\D \3\\D\NfLa\cRZ\|^f_FROgZ14L\x\E\\{F\\\\'\\k\\\֥\\\9S\\\'>=[u\\\\As}\\\198x\(%\0{|1\\.ER^\e\n\n\K]\)~\0\\\;o\\d\\vskv[\Bm}I<Y}u\\0MFѥSb\0\0\0\0IENDB`',1,1,1,0,'','',1,0,0,'',0,1,0,0),(1234567890125,'Coca Cola',10,995,5,5,'2016-01-18',1,0,0,'PNG\r\n\Z\n\0\0\0\rIHDR\0\0\0\0\0\0\0\0\0<q\\0\0\0sBIT|d\0\0\0	pHYs\0\0\0\07\˭\0\0 \0IDATx\}W\\v9y59{nlfKCd\Gd\fG\et\	\\rqf,8\&\@B\r-\\0!ʁրk8Е;\nӻ\hS\\}^㶫|@J^^W}\\\FaFaFaFaFaFa[5w_k\tV	7\t.RKcoe4@TE!P\0VA*\\0\Ӳ-\˥˅\\n\\P;S\Z\ߊ\@\\%\*E&\J\Dm\Z\\ZcHOq\ǧ÷\'H-DV\\n@\0P`SRPJ\b?dN)P*\0Rw%\\|\rPPP\0jYV_!\\\iV\TP\0/,\\G[a\EVb)e}+\a*@U\\)I9\,W\JTa<\(\\\feMQzS\6<{!(J)>EZ\7\_j\29H%U\r(*`D	C1F\H4\\\OU\0X4=\\ZL}Wav\n`)@\{ټ\!!:B*\0\\=vB@g\Лv5,_\0 \\0\;^\r\\[UB\#\\\\\\C\$ֱ=a/M4dn\ph\jͫ\\T2Y\-$kGbR\+_U\ֲ\nuC\țJbM>X:^ڠmsԋ\F\rR\\Ġ\W&*J\0z=o\:TnT\رԪ\TE^\\H\i\r\6\$G*H(`T	Y\Ur+B0\ĵAN*RC\\/5(m#6%.l\I\o.ՃC\Zl\q\\s\%\0\v\9Q5:C\Ejq\%\0\*(/A1\|\"H\Zǯ\냻%\\_VG*WŵDQFmy\!/BXñ\v60zVܿۍT\ݝ\\\Ѐ$ e\?>\n\\Ơ:\>\\ @@\\na\a	\:礒%s+\QM!\r걶\#~:\H<4BUmʇ`C\y(6et`~Xy\PBY\6\X\\Q=Q)M>j`[\6\J\V\5Y܇Elossf\0{[Υ\b7\ε|@&\\\"qF\H.\bS\\04B\n_n\>$XlX\0u$q\[6\~	\0@6ˎQI&5Ė}h\]\uD0+*6>\o|[i>Ⲫ\'\Z\\\\[Dkk\0,A\\pա\\\v\o`$cR#]bX\0L3^{_}\)_\z\uv:mMg($\Z(E\\h\\2d\j\[DklC\YG\-\Xp \[NK\&@dbm\\\%I%Զ\0}Mr\c_<\9Fm*>v\]>E;E91,]>6I\J8\\\Jj?Z\[~ːhO؅I|~l@x(f(s\dS򣌅B?L\0\n`=&)De	(\'}O\\:\Z^\0\0\\\ĕy4136wp\t\QZNb\cB\3M\noG\5-4=L0\*!O\{]=H\bzz>u\,\ݧ\f\0\09\n\O^g\&T5~B)\n&̻RLm.?\iImM\\rW\˹اEa{=}\\s	\\\OM,	 cg>V\\Wv\Ȃܮ\nOM\^|j\}SIcW\dU\۶35uu!\4\`A/E\jB\f\NRC,pRĴ\\>\0@no\CAT\ tiL^]@v<_Z\00\ww\{$}\Q\0N.աC;ȽA\]}\!t	B%\Д  5\0\03Ԧ\6>]IHP7h\0z\6S{u=Us\%\g\\\'Ka*/IFce~{3H4d\qK\0?\\þ|	o)ͤ\D{\ySKx\\slzl\[U~\]\0hZB~A\r7\q}@V8$֭*Ee}o-\0:\ZhMvN.{\Lm.R4ͭ=X\޶3\\{\\KD5\]EK\#\\rU\2\o\0hPm]	O\#l{w\#ESh^\/oϕX\0s9d͕$X_L\d\\\zS>\\O\ޢ3\\P>u\h\\#=G?5`?G]\r9ok\\Uvdc\!\\\%\0\Š?\\α\30\>\S\\'\zۊNٹfeQ߻/\nйx)L5p\0\H6q]DrhQ\(f|\d\}t\>7\>SH.wm\y\9L^]d{#c}Dӆr9t?{\=9K>;J\\'d$$\0\\0͉\'}?Hs/Q?vlٝQ\\ߟzy~Nτ\\2P}\Z\K\I&$V\0>\Pas\)\\\@\7t3i,8\\SO#\%\bm`js\OZ!\\3\E9\\p?+H%!\\zHh35ԫAHǩ\V C0\#ʹ\'\\\0}iB{x<\SQ!\	\]Gҩ\\Jp8FF\bS9\Ryd\\|I=\\\8S\Җ~jl\⧎	UӀX$sPaDW  {F\\ZZq$\Lq+\\/bwXå\껱gi]G,1Y\Om.Mxڄɫ\ЍKo	\LG\a^>}ܓX\/{ģ0g6`|4\U\f=l\n}A@\\"\\&\,	D\n߅\`s\\\Z\Z\0\;;\RB|\DҜC},\0WXL;\0@\_B\tFp\Q\@\Z2hG\'\!<B\uX`JڐJb-\!Dy8oO\\`Aac\\N\v\L)aB\F\F\\ElݟJ<eFq&й\b8}W֢\,tV~\C\N>6\\0o@!:NeAImQiA*V#Bd\\9[P<ʕy\\B%&\Rq\Lm.\N@\\8ffZ?y3]\s1\r$@*E\ե\d\0\3u4J\\ض͉\'P0\8+M,\p#o\||ܘ[\L\\	\ndo$U\Tk\\Fdw.P߲5\\GD\\\l0\_>ɫN\\ܫG1\\\\\9^	A@զzJp\r~\\\\F\\rwG\h={gfc\n\w<	c CM.=\0\\\\Ƒ\~\P+rpxA\n.|C86n\n\?:^\\8\b\Dj\RW${즠}$ZRp\⿝\V-pыJ#\}1hNn7\\Q2\\l\\Z+m\ZO>\^m\a\d\i\\\\\KJ\0\=`Y.!\&Eʧ%V{\0\\')گEW砕|>#~XAo|\@\U^q&V\Ѫ`\\v\\\)#I-s\\.#bލ\ӨoيrmUc%\\0o\\\\z\Z{U>uW0qu\\"_~%P?\2RT\K\#\\\\a\K\ZV\C\[ńݯ\)\N\\Vp\\vD2\'lfdc\NH%RT\\"\\\P\D;3\f^N\\\X\;\&ZL\\\\\\"Nu9\:}!:\\"|\no{\\<\\K@\[͌kg>Eml\>P+dB\<fn^)`\ \[\\Ҁ<\Zs)\P,\\%şC\!$\rmժA]\nw=\\b\\l`fK\3IH\2`\\CCK<dF%\˽GR\r;/HĊ[Tw 掲\'\L\X@4׽.0P{x;&T>\el\::\|xP؜Aq)eAq4M\0RH h\\,ze8Oy\\\/&fJ\B\zxoK\-u~:9\0ǓdX!\\\_fI\{\'Z#rN\13z\OOk3U*.\n7!}|\ߑXI\\0a\2\aE\[̵Q5\.\\˗t;U3\SI,?\!#ڛ!\Z\\l ܷҋy\c>)\e+{et\Q\Cf/zI\,-=\3zm\k\\ИږПD>\"o}VMF^\\rLs`X1iXi\L\J&|=\3Ccכ_mF;\\M\m\N1\\F4\\\m\Z&\'\q\9\z1đ\S\wNzma 0y,L0)-w\\nb	G\\@\q\v2U\0a-qFƄ\\!{9zy\O?ːTvm\\e \\\ӀX\0LE\[\P5m)\8[cnZl\a\ʂ#\]!\X\ijjs\wUu^ \\\"?V\\\r_\PTK\qzS\'a\z\e:e\#{T\0<@`٣w\r\#\\j瘂X;\t\00\r\6m\*\baIDk(8o0\\|)\z\n\'\3\6<&\%&\\$\r\p|z&1\x-{\c\h\p,\c\Z\0Y7\O\0u\\;\'X\\0R4+EZ;\]\jYr\e\w޻h9dR\Ŧ\'!\n}Wdsj?>\n\0G;\3tbE\XG\U\z\F.#\Zh}\\{35t\\\׹6?²&S89ҀDB+vW\f\D\\Z\Rw\\@\\\4\\&\.\\佩.\b@:%H4Vh%\n\n\n\\{\^wO@i;Ɲē\ȗ\%%\\Kɑƍe7\!\ĢvA\6\FS8:\c\0\BJ\\A?&aƸ5\)Jsx\hH\')jz!t@j,8k\݇\\\\rV\,\\!:I|P\`\\ДU$XחSYBU\߲^I2\\!˙T\?tb٫`\n\E\a\I\"(\8$Xԙ\ 컒\b\w\kx\\\\\:\<qXrX{-\?\"H4\\WUO\r;~	8\\P$R\\b\F\[\\\;ylf\Z\\<\kzSG7H\\"\B{=\ZҹXɨܞ\hHd\\ ei\\^\\\0}\\\u/)Japk癆\/ў\\,\?	r^>ƮEcpy}Vn$XրAh \#z\z\h@*\l\q9\\B[=\\A$\%\wx\\mȳDk\VW.^B\X\0vꄷW\K=Y<\Ka\\\*b\ŋCӕ|-\\2\+\\\0MszUc\ﰕ\kz\|Ij_J\rs \\\#NA +W\{nm-S\\\w\\\r\0|>\rBri\\*eK>\8~\ir\5)\\\p7!_bk(\\0Q\M,\n\Z\nWZV\\\n|⋇\z\B\\J5\įq\AҬ\A4}C!\ÎP%\L^M:L4\b`\d	 B\xl\߶Q&ZOы]\>j˘2Yq3.M\\C\\N2\Z{vl\\r>\(\r!#\TL^I\CP|\0s)\Ǎ\n\!	?\"\&\\<X\!Rbݪ\H3j\yT/\\63\\\r.r9\ZS$|z@5}+gq\\\N,\ۧx\eب\/X\xOP`D+\n\\rK\\0c\OѤRf\D3J\]\qV)Z&֠	(\#ϳ\t.4\=_l8{6qY=6)Uo)AFG\\=Ƴѽ\\0&\N\*uuO>]\b\L>\\\00u(bFk1\U\gXȋW\\9#HU\sS{\Qj[Xy@\R0&|2Ăw6tJh\R\٧ev@{shr\8\G=\Wm)#s\L2`99\0n	ǢG\L.RD\Ia\\\rYx %X\0\[o\\h\?\$\b\\ΘY\|3yBLW0|{DK,+f0\\\n6\\h=RġϿxU@\8DwsͰs\&\,d\r\0S\\\Y\\}\\rQN	R\'nZ/I.\톒G\-\+\zCCCӂ°\h,D$V\5,Jq)}o>\\0~\DhU\\lΙ\Z?\'@-=A&V>@yn\\舄\0]6yo5P\0B\\Wj\N}v\gG\b\Wz0Ȩ:\D[\\\f6Ba\1\"60M+\\\nskۏK\4\F\\4B$G9\\Ȓ\ާ(7\\6ŀ:#\I;Imu}-\\Z\\'K%バuv\67Hђ\'f`\\\"\^\-\r\63\mUv{jNCy$\@\\q6\"U\\\r\/Ϲ+\0D#P3$UhM,\0!\f\'T+\\>\\b\-Qy\y\\r܋lm\\\"\ R]4a\nhi(\ICUڎ/U\\\ٝu7\&\-:zKC=\\\\\҃$v<\\\\S\r\Z`Rwq \떠#T\?:3O\ZIťy 8,K\bb\_Wt>G6֪a%.v\&\r>`R\0FA\0\a;<\ni&Hb%\0\"W\W\?7\-K>ђ\'\-w\â\@\X@\\LT\Z\D k\nHn\Thl\Qr~x\>\0n\G 5ՋRɕ!\t.Mw\#\0o\\\2\~\\y/:pM:*\fHr6)7m\\0\YقU>w\-\:\JX|\01NM7jF\<Bѣ^az`Y\Z1\Z\VGG6\`\\\\ߝ\gz$V**\-e+U4\qqd;E3u\\h&m\*+\\Y\qoN@cl<l鐣߾\`N\\b)z6S\t\;\\\\R<#WY*\ \04\\\ߊQ\[*\\hye\asky\\wnC|Y\\'\"F	\h{\\3pEۜc\VU\bؘek*PTBYޢUw\\'<\0+\\!Ep5\,~\;\|\SLx~[=í\9_g+_\Z\|Q*kk\\\Z\b	@\r\0\))O}R\0P\nZ\0}\Z\n\C\\\\bK}XGb(\\nlY\\H\"}_\ru \\z\7ك4Mn\R\0\}*Xl\$D\\I\\O\k\9{}R_u!\ZV\#G\ \	j\\\]\\\,L,\0Xz}6!7P\9\ɦ\0x\r\5_H(\\j|\\E^H\\|r\C16\s\Y:X̙\{\}nY\Hpi\4[uGo\Z_\W;{Ń}D!,3^N\"X\sl\>!O~\ܞo\"I2\Z#­>E哏}W%S\\yj\,?_\\\׺w\0\\tEs-\?U\\\0\0kIDAT.~+{\\kJ^\ZM\4Զ\0J6ZZ\0\\0b\\n\\L=\om\0`dX\\r_¶ojZ\(\ncP(U(_\(.cAL\e\\8OLs\\\\\\\\0n\Xsy\Y|\:\L\D׻A(j\YĝK ˓_7appڒ\8@E=Gm\\"Aq\\|0ݛs\j\\k5MS<4MCV\.\{|\\0_o\"+m\Z÷¹y\l\]gs\D\\0\\\w;K\U*QE$\08`=о	h9\7b\\S\;\\3\Z$$\uPMޠ	\\{SK	yh4d3YǾ\\[X\\K\\H\J%Aj\0B)5nmyG!>\l\&\\37\\\\:\o^\'E\\\XC$yO\"	\jBI6훎*t\_7o6ޟa)P\\Z(@~c~\P3*Bi\Z(0&zݞx\ZրIIU ս\04\0\/\ϷG\4@\k\b~.ା.( 8\,e1Ɉs6\+!$\"k\[#\6\ue\\B\4F\"1\{\\\0\0/\p	\ZXk\[ w\!k\0@ͨ\2\˲UUaY{\\QF\\*,ʲY]De=DvO؀JTׇ\\\\\\u\\\p\\ϻ\\Y\0\0\耑XA,^b!oiw\r2ߜO\h\Mۄx\0A!q	dQ_tE\rN?\W\<}zvhJ\4L\#\͂kgi$\=\0`\\0ĵI3=\ղy\0kvOvcV\\rkTE]iڽٌٍi\nl%8\R\).I\HtRzE\2Mر\Ez׻n\\rZiR`j\\Z\,0\d/x\H&b9=B\0\0\>\0\0|\\F*|beuP!l$!!\\Y-ƺ^\JԵp7-j]\6Ԧ&\\\)]0\r\H^\?)߿&\L߮\JZ\\"ڻ0\	Ty/Y\K`\ZWOqMӏM<h!I\ÿ.\˄\7uM.\]Gf6b.d?\AVl_+\%J\\C!}\$\ui}vH\\r\S5H#\0݂2A\\_&\\ndq\}\i%5!k]\\\ߏ\"F\\Z\'w\r\k\\u\\\L\`\+0\#\\\ٓ7\\0\0\0\0IENDB`',1,1,1,0,'','',1,0,0,'',0,1,0,0),(1234567890126,'Paq 1',40,1,20,0,'0000-00-00',1,0,0,'PNG\r\n\Z\n\0\0\0\rIHDR\0\0\0\0\0\0\0\0\05\ј\0\0\0sBIT|d\0\0\0	pHYs\0\0\\0\0\\od\0\0 \0IDATx\ם\nqաj3\\\Q	K،x؁g`n1\r4	G6\Zz\\!+q;\:Rl\\i5vb)d;\Z\iDΌ93\fW\drj\\}c\r\{{z~.\}fԏW\\\\\'	|\'	|\'	|\'	|\'	|_\\MZ\\P\D\Z:c?\"\7H\R ^0\\"\	r}-ZK3p\FisA}D\.\i\~MTd\'\r~\u[Pz*=\0P\D?\u$BV\I\\j\ϕ\Ok%?\\k\^M↴?|\Zq;\r\~\_\'4h\\R\Z$2<\0rd@9qd\S>P55Bt=2\'\0ׁXҢɄ=USx\E\\\k#eRbznN\\\0k8\\\\\IGM\\\\\jE/R\ZAH\R\0hC\Ts3P5US5_QJ:\\#dIk\\O\\<p\Z\+O)J\L#\nv\U9iT\0A,\\(2\\05{\\R\GfE)p$xW)2PJ\<8$1Il\UJ!\"9\nE9Iǈ\1\\,..\/SP\\S̼H\n\YjPx\n(\$_\n{L\b\\\A()6\\ծjv\0\jz\c&Qk\\!Iĉ9(xuX$b\\'v[d\(\IQ5`\Y\W;)\nI\r\kW\'\T\\x>9%ua[·̵j\r|\HIM\|2@IyAοe\БB\:PH\'.#\H\	J\C9\n\0RAD`;\R{\=C5,$Qޭ\ru2Ѯ\T\[\=C6\\\P@&\\\P\na\ߌQ\\Nj\p\\nsOS\P\Ĩ7\rl\'H\'EIJyƍ\*vq&\E\\p!\@ơ\\n9()v𝒖K&%\\t@\\\DL[VvI\\=}ģ\\Kz\C,{@&.,\\c\*\\\\$JRP\\\x\5\"xJ\|xWkF3{W\\T\0v\\_J^	:\4HV\"WI1`\n؜iy\"\J\s\)R+k\\[*+B\*Ym\\[8E\\\'\\\r5!nANxhXfm\IT v\)\>\\\~ok!\\Rc\n\0\56t⒙Qp\dY\\b>\qRP1\\\gb\'8Ph)ZQW\n(\BQ(\p+\K\K\F\"\EQr\\)۪Sj,%xu\f\'Br\\\!\\{}\+\X\WR9S=Ak\@\\\\\/D*\n\\>\\\0vLX9K\Y}k\+V(MVP^\(%\*޵~`n0\F\'%W\}W\/18\07\\j+\~\{$BDRUe%\jM\\&;\#D\\I\\Q\d\n\Qld\nYYd\YnI\r+өi+,ЙMBIA\n\Qhp\na1+G\o\ }B$\<{	ms~~i`\0`x_c\е\5h@\^*]2W\Bڈ;q*\n\zyc\"\\<ŵeJɂ\"Y\+eM\"G\r]پ1)\\M.+\P\	\J(${v긺Բ\hPFB:y+ȇ\\?\\:6\Z\F\\\\nC	+إ\(E\*!ݲȘ\Mr\#b\\)cc\r9\"9n\ZnYc~\ru\\;9Re揻Uue\\\Q+$n\AΦ9ɝM\\|p\0+=^I\)n7P5tT\^i\\KDRDS^E\(-@JQ\\\\0b\t\؁<f\+[P	dJcg,\\B3\!TWejd$3H$H*%foLi\",}\9ݦX|\B1d\\\\PD\\\Z\0\\'g\+k+lO;Uq\ڟzV\]\ri\rJu?\^\\\2wϟKnOvL;1|d1\ʑk}\13;Bu\r Ȍ|D\\@4.\x9@Ш\=U\\\nU\)Y~TXH\N\z\r=PHP.=\$MIRݭ\">\5|vP^_\'\§\NE\c\:VYk\	$-{ف9\\\n&\\'ΪRH!kɅ\\:+5+ڎJi2)\\\!5[\\\1^Iؘ7l\uˠ0)\{W\;Rua\1,\"u,e\R\iW\\XN\&eZc\rxɠ0 V4*Ũ\H\\zI\zMΞJ*\]\'?\\DR\]1PR8{蟥Vz\#Y ɤ\\>3K\n]\\\\`\p;\J\z,VCFLHȩ\86\z\'\-\e\)jʨ\D\JwU$\wN\0i#7Rpμ\Q \Ƈ()HeJD\_}w\n]û|=\\,$\hR\l\J\"hL3aJ	gE$B;\nF=\\VZ>ײBw｛P:)i\"E\R=\\io\'\\\\NUAs\/ͷu3\\\\Z\/{dq]FR\/\hٰSpM\nQc(F0\\\˒\Z	CT\\Q%\0R$\UWj}۞ R\Yu\nZ\'\\E\I\"}W\8]ꕳ\,\\nͱu=(;\o\\\X7\'V\\)MA\\n]!Xv)m\\NXY#:gO\n\2XNۘE2\>UHo:\{\6FOE\8 \r\س7vS\Z4\	z\_w\U6\N`#\z\(\Q)Amǋw\u$I\\ 4_U\q\.QPg*9\\\6\(\\X\u;\\\nwאnU\\#\n\\yVڝ\'Ӡ\s]ǰ\4BƄ^JQ*E|wyf[\Z\Fc%}?1Qhѥ%.6^	O1\<l~D\zҴkqXf\/`ҧ?3x\\'g8\\&ҵNa؁qn\iy,TfE\t\k;=^XK˸\0i\y(Q\\H&\45Nb3@;>PKl7so\@}\^;S\\\y\\\>|dbs꽅\\\\<\N\,?\02Kjq\\n2C7۩9B$\(\\8su\:f,\\f	YB\\g3rYO*P1\nV7\bшt\G0+\ZU\\sJ%!wZG{b\^QֵQy\* 	N,R?8ra\r\(\-;\Pt\8{Ax\n\8\(E)f83\KYɄ!΄D#\փ\\1,\)\H$\PbU1}|\s\\ĶQY\\b\\N9\0\w\\F\'\\y5r˯\@Uv8\\\(8܆\va{1~\o^\ߐ\xo`\\\xu\3~	B\=?\\ٻ~;\\r\mMVv [s\nQv\X\A;qs;\\w\\΀83vN\vq\\\\\0\78xd͢\v0\!\q\\\շrw\W2\y3v\\m\/mK\\"R\ײ߾\\lVܡ`}A\ّupv\3,\\p\\;ň\\\f\0\*ޅ\~	\\)~\\{/}!\2\\m\\\\3C\'\p\\u\\bm?y9\~g)\Z\qۗ\n\.߽\¿s>\\ncE% ˟QA\v\vr%\vs\\"⎲yWw\?\\n\0V/Od\.\eb\\ Ӱ\?6]\s,3or+k\$юb$7\%	A9)\vGx\Z\wBZ~j	n@&>\޺1j/e	\d	o[n-\aC6\\\JpQ\h\A\֫\iEI\ZAV\\0\e\q3^\\\\U1\ꪀ_\\z?e%3W\Ĕҕ\6s\]䡯@/\d1a	\'	\Yj7`Y\\\"\Z^	\\+\"<\"}\0\Z\WO#+m\'\\@{iE\r\c~d?\݁pyb\\lHRLdq\J[\n`^O\"@\ً1S{4\ѵ\Z\;\\Jk-^Xf\bLx@|\\\As\	ILCxFJL,)i\Pl\L&AB*2=B\Z>G8#\\;\\TLǕ\JX\\"^\u\C\\nHI&kĉ Rr-Cڥi%h\E\QA\q9[\7V\m\7Z-\Y<gkGg$	mII8?\@uVYU\\}\k^6\Z&In;\(Xʯ\ 1z@?6Nw0,\rHp.\E\0\\T\nݲB3\\zH^\\LH>K\Ӏ\ҝG1H(6pn\\0\\K!4揋\\\!E\fy\n\TY&\_gd\'=߷\\'+}_\vw{\6L\\؆lp\\'T<\8)ܮ\L\Z׿\tJ\\L\Lhu$\h%!\D2!\;1e\Z2!die\Dr*\Z^^\l\"\0dY\=tTNtDg\\vXY?\j|&va\1fqIt$a\'3@s\-\0d>\"\G\1C\'O\\m\^S9Ǘ)	\fm\\n\nCQS)\N4\jl69\f!_\\\,\"_E8,	\vI0\fB*^&6\\\Vf>sdB/Q\X\Xl\z\\mkXjDJ\eb\}[8R\T\s?=D#\NY;\GF_iNҝd@\'Af?c\'h9\\\Z-\#W/\\;\VZn\70\f\\i_\\ڮT@n\N M+E׍FjS\n6	\6K ̄0O\(&\Gq4+IjӁZUn-\c\\"X\Vgt0\\h&h\I\`d(\ηZ)RRe-Ŗp5ɏY|t[g	z\y\0GǑJ;9\U:\<9\\爯\J\rj\\\<9\\k.[\ujXޢ|9Tد\wfYd, \z|q\t\g](K8>p\zPo\\n\L\nЋ5]0%P\\\[6A\tn60YS\$\^ו\0\\r,*\9HJ옅\KAM۰axr\#HV\"M\\_\0\\\0jO~V0\\~{g/\,K_?tbd5\8c8=0@7Xזּ$\\[0Hèo\OI\"Qd\%\I/fW7\ZM)>\|\Z5w\\\r \d0\1\Z\\mN\r\\#Q\fMY\͘\&\',b\Jy=\k\0\NwI0\I̷\$PR\"1N\N\NęLXJh\GTYi5z\J+dOa\\\j\u_\Z\\kP\0/\r k+SL?c\A\\9\rlm\zHߨ\"\0J]/\Fr\cj69ָJԼ\^\h6E\\WJ@\opMx=,>\v+c\<ӉV6\xM1\qNr苓]\)\Z=\\ZxQ׋8\,C\#>\\\jv.΃cv4v&\N\^ސ8\I\DHBDy,\0u\be%xg?>N\ӆ=\\\<\KL)핰\:0Arͧ\'9\ |{W?\\\\\ZS7cRfG?\\\\ZC/X0߱oN5<T\fo;E.U?{￷<4\\\Zk.?Ǩ\'<qƃMN<\\K\KL}\KJx\j6\_fmmG\\jd(TZ\nz4%\n\8+\\cc,7\\\%޽8ϩ9$L[c\\"\$B\\˙W\p\O\M@>WO\#_?\\i\j\7\#I\𗧐aJk\t\\\=uf\0bbq\\@\ZZ8 +f\\\\\e;ل66gm\Y\LʙC5ϟ`ű\\y)i36ހMI&\y͈o\QGq\i}z[k\/vk(Y2/ؾ\0OL\\f\\rF?;̱c\Vʅ\4y\Z(\{A_P\nu\\ÌE\\S$7\"Zߙ!Mb\:3\lrlm\$\Bp\ŵ5js\#40@\{\\Gj\f\0\\ A$^\{\I*lr-[Sے\\U\5BvKL8\i\\X\Zamm\rZHZ&.\\\\\yI8\i\\-VW\f\ޕic%o\/(_gn\"K\_\\s\I|dI\\\Ԩ8yn6Rx\ӓ&\jU8f)$	g￷hi컯3gH=Xgc<vz\S]\\}t6q&\>~Mi\*[!S\e\گ7\˴\,\\nک\w$ww\n\W\\\\~7;/pxP٫,\\s\0\\WLj\.\\}ck\=N\>HVB_f\Ѳޙ\\\d\u\:s`by	@\\O\2\)|=\=wܰ\\8\\\}\:\Ju\3m5:I\B\#R&EG6z\&g,	@04<\\tjg`,\\wd>R\=	wڒJ\ޭk\hsL~^\=sVkW\\nir\\\\j\OO<}\ef\1\a\\\\\ϒ\\M\\\"s?\\%\z\\0l䣯\\\\ZB:	}[v;]fC\k\0cP8\lj\r(\j\\\\\r^؎Mԅ=\8\2xqGӝ+SC\\;@	SZ1Ƅ1Ƚy\]9ur\'\'\0}o/\z_AD4_.\?\@)slmo\\^	40P\#|{\R-\11yE\8K/O\\1nS0E˨z!CEn\ZT\wU}Il\]g0ln\:\\r~|\8\	\^L㏕F\Q\d\lw7cO7u=XgKG1G/\\\{f\1`{h^P:c=_j\\\\u]ccL\+{=\r\q\8\chm\n\\\-W^a8t`\Q\$\&\\v\eW\i\GYx5@!\\oL$\Qr0	p=\ޡp\(O1<۽1c٣59\\z\_\\\\ZL\z{N3>ɵ]7]H\iU\9u}q9\<TJ=oaM\6d2P\t(B<EXU\J\\̋0Z\\wCa\u\]\\nFkeo0\cvl\0\B\\{/dT\:E\L\7\@F\\0\(\r?f{Q,<whW,ύ\'\ښvWB%\0\0 \0IDATѶJ)\,\?ӣTVswNs\\-\HۉMH\\R3n\1=\K\\X(54e\1*{\4Lͬ\Zc\f\\.\=ޝ#O`\c\\@u)XZn1Sd7@ \ϼrq!X\Մֵ/\4#GH\\|>Jf46\P\߳y^\v.|~\\{F_;cL\"L-/Xc\\N\\\`ϰ\Qf\\v\M)\z\Z\H\S\\l7xAwgekh]	\񨣘\7\3NTMk̾y\rZ`{\\s\rMu\'#f1\F.\d0$^9SY2ʍ \\[\}\\J@)M\`˝\}\qoE\	ַ_	\+}w,\|1&;ؖS#k\ql\\'mo\˘ҴeJk}o7\'3uWc/p\O^\\\~N\:\v\>lA\-\2\,\sw\.?:\ص\\n\7CB\\wK\\(&	\?m\]Mh\kt\IP\\H\܁!T}s\@\}\ZG\0nFh5<HV\"cZ\u\\\\"\vO-EGSA!բ66#\s\'m΄3VkXxv{d$!z \Ӝ\>GW\ˎ\4\+24sb\s\'L\LE\|^A/\wL\\&3\\0f0LLvl\'\rwMG1kRr֐l\,Ei4I8=0@\#=w+$xd\Sj\\'h}{$\N\rz\\\N\G6Hw8\n\X\n!)G\\ɋ\_$4Ũ\\zM&69.\\SAs\{w\q_\"N2!\`ﰢia\E:\\\l\%\)?\}\{(\\\\ˌz\z<\g9|q~]|R?8B\gL\\>oMr\Hym\D$Sƀ?\w,a^TX%ӁQeBA\\,-&G3ShIH2hab\T\n>ƚ\;\\l	}\Zg\*Ȣp*yݍpC\+u`XFX\Ln	E\.Uq i\5+fɏ\j\\\4$Y^\"|gs\#?G\#LS\mjW ]ms\\\,U@̈́ݞ\r\\D$\q\QZ\4Th\Z\ۚmx5\0835LhfBS\"\\\"\]\\X]qze7Њ\'#>r%E!j	^Y\TR\Ė>}\i!q\,q\\\L4\ndy	I#+m2\\Gh~\gwy=etڙO\aBN /X\\\\\^c?\\}\c\1\M}m\bm}H\n\Nl\\+uLx\cWJjYOj=\\n\n<xQoi\)\\\\Y Be\nmT\	I~Ltq\\f\+wCӁ\Z\r@Zo\\ώdL\8\\\\U4Il%Իī	~a\6\w\\\\Zu\ّ+m哨c\\"i\\/d|^Mھ@#\#C\=!Y\|o\H\s\@h6\"\wga/\w\	Ҁy~`ߟ\"\\\G1\\ˤ\CSN\`\\J)(ߜecL݈\AUsq\U+\џX\\\y\i\\?y2\\UAs\D|PIJێb6I8U?\\Ϟ\\ZԌ>\^\\\!\b+Gp4u\V\m򮽰E4\H%䶼O\3 1\\ϘA:	}\2\\.ԂU\E\\\e\?^$a\\\\!·\\{\ 0\YF^>Ź\\\m~nMAn\"1Y8\s[dimQҢuDz\\\-(J\kRDX\0$&\rVYA\ေ\Yԫ\`q~HуD+\aV%}^	\B_׉irj\4NN@\nd\SkkF%3\\\Fթv\Gh}k\\"Q\0Ps\K/\\\Z]tWTۣ\\\ \' JmJ.o\\WJNz\]@o\QK\"G!\L\\nIu\ܠ\8Ԛ\!Q[8u=-U\JRYTT<\\\rjAMI>iQ\j񝼳S,=9I\Izk\\}$	ͧ\'IzԔ\\ߟ$\q\ܠ\Ҳ;x?9ٝ,b\ힰ\~x\rM\C\0\naT\ގ\\\4\ksZ?\`4N;Go`#N/:4\M\q3F/\3\Z1\B\'fty{<\\b7ΰOgmG\r\E^Qq\9~\\\|\\\\s/޾T\&\x\~(U0v9:\\\\#Y	\ools\\\\͸om\\\\\]n{XՖ1l\Eb].y\>PpJTU&,v\|xrp\\ȍw/Ӏ\^\\WB\\wNi;9+k-/\綥G$\\1\)\e靷r<\F[{\^g\\rO^Z,e\	O\\\\Za\\\%\Ƒv\eYVu&L \\2~\DJNE1\\1\\5C]\G/KV\,x\ܪ9bm\\=RfA>ʆ]t\Hމ8e\eNE\\(L\M\\\)\\\\}eWOѼǨ\F\G>X\\ˆjNS\n\\"<%\9Z_;\w\1qi	\/N=C{\z\#\\\/OuY/NeG\mG(\/\A\g*\lm˒\g\\7+;bH )3pTj83{%3L\j\\?Z*/n\\z%N|2uii8mg\!c\|\F;5MCm4%\\64˒0Qxk5\U\n]S4TI\n\\\ml\\B\"WOmtc\\'w\\!\ހ\S\.\\\b\g_\r	dM\\fw{\Actm]ۇ\&dX\*\\O\bj)J$\"ƭ$,<~7zܝQ%nj\3N|ݮ\P\?\ $\\g1+HQHl\f@2\\\\O1q#=©\%\Z/>9sg~o]3\f\\FwknꞀ%qr\Z1\ʐ\\o%ipskt\j͑K	ߞ\'Z\\)&o\0旎\\0s{\7\\H-\!c\\Ơ\DY\'lo2l\\fS@R1e\v\\tI\\}\\*\s(iN\ܵ6Ym\F:=u\&x\$a!\Z\uf_>[o\\u`㏌Ѩ\:\r\' \\"\:\\\<\ҷ\\A!I\\'[\,Z)B.qCo\<y$f\3G\\5Ea\\|wL\?\'Q\8o?dts\\\lM\nmGL\[\\\m\r\\rZ2\(cWOZ\'8=<\ĵJ8וƷhkC\\?F#\棇iDЏ\^#Mtq\8k\\'&xfLpR㾦;Pb\\\\0kk\\7l}#(\\\'\9;0@\j\'\/p\N\i}{`[UdՄ\!\ܪW\9Y-L\\\wa\\	j՞7\\\6\Jw\UiD;g\'\3!\D?]fi\\3\QFD9p2\aS\\\\\\}(\|\\Թu̹.\fcGnL\\ܕX~j?\諧A)\\qo\1\E\\HW¾T]1\}ġ!Q\gb\m([\n\\\5i\0lRZR\\I܍\0D*L8:p\ь:(o\wߡ\%\h\x\.t	\@Yİ\\z\Z=ӦFS\/AV#^hwP\\.S\\\&Gu\\YNN\\%\\WOq~`\0}_c-ϗ\G\}fDd%d\\\\/TNb\Մ\֧6\ZT+!}\)\`3\\pǕf\d\E\"Q/W\g6\(\g骅\{_\VޔXl\\\;x43K\8\\i\e\\ןj\VT^N\"\\T\y\w\\\Ͷ?U)r3\(ЙI\\\!;Sw\_Afgߘ!\i\\|\\\S\A\9=\f|y\\i\'\\pvK\W\_?\\e{\%\\l\\\s9)(0r\r\"<z1nSS#eԴ\S	G\)EPS\\\\\\F;x4us.\t\Y0{\g?<\\\\Z\[ ],g\b»ȇ&;KđuFJ\~J\9-(\\/}WM*Ti#cS8cPaJ<m\L\f=t\^wN\kp\\Ż/ \GY|\8r=d\S\W\JƓM-\\~A]	ΰFF\\],e\Xĩa(g~C:sl;\6\|e\Z^gu\\crm\\N`w\\\YfG\<gSԤIKnVej<H\\Que-k\i\{+KҖ\5yզ>?y\9\\yd\-H\\\Y=\~\'z\%}G\"9Cs̸.\~vQA\\OORh5\#\r$gA\	\`mO?\J3\ZsEHi`\]\>l\t\VVE\w?\T\\\3;\vdÝ\?\\$Ką\\#,>7\g\\'?;J!ch/.B\!\%\vĻE	:)\ntmcemjЃ0\=i-ڮkƏ\X\[忲\s\)޺\R{mm؍\+\B \"^	p	̞+G,rsU3X\@>*(^8A\i\揌\D@Jˌn\g\zX\c\q\'M&^\6S$}I{\X\\\\"\\&5\"U30\&U޳Q\\+Z\\\	\R\##HhZ߫9\Ԍf\$\\ne\M(\^$+k\vw\\\\Yq\옭hGKwk-0\1@_\0H~H\Caz+Y\k\\Ζ\Ťl\\"\E SU\7	\eIݛQL\ZA\\Y\Z	tt#,\\\2\V\Ѐ|DUV\1\H<,v\:\T(brhc\ό \B\zs#E\}\\[(a9\1H`~g\\QH+\Ω`MGПj\l?7s\\Â\Ƥ|\`\'O\0G\\T\0\\p\P	Xbd\Zu-Xd.E\2|Y \\#B\r\">\\Ө#\q\|]V,꤀BذU>KNwA*`	\ZF|lw.Qs\䍔\[\B+ҬlH\k\þҞά\;@\"\vaw)\LM>\Jb^,o^\\"Ijj۰HV4HK`\IZcJ\\'D[:U\v0SNL$B\Z\\h2fdL\m&2\isF\jL\r]$)ALA~U\?\QwWtdc%\0V]\\G~P\75\\O\"yG\6>\'6\Zm+P\T`t\0=\Z	\"\n%/\\Ͻh%Jv\Ä$&*lraGX蘢9X\\4\\0\hF=2NR\!vnSDҢ\Z*	\\*eJ\FoCL6&q퇕\[\T-֬<C\\yq\\l&doj\|\޸ǶwMl.\rx\%#=:IaUKV0V(\3pQ\\\\#$@@]8\Z\\@\$D\nv\U\\n%LXWc\ma\*)\'P\ZOy«)p\22/,B\1\$$I\x,\hJ\\~\utf	\	_=\Os난U\\:e߻H\鶊lЍ$W\ro\d\n\!\\yCVڐjd%A\7BҎp\|\"kr\r\@]\k#\~\6h֡&\y0&\06(0^I*<\o\\P\\Z\(c=VDؼ\")I\z\ǳ\V\&6<2\\pDk\\)c|\5LtT+D\"_$r=\x\D-l\t\Z9\H꙯\\nV@Aޛ7f\Ȳ3ymE\\:h\`ح \!\LE BrbP\\uXl^a\\abT\P\"Ɇ2T\ZrR5\TvshFl$MW²2\n.q?\\\\\	M&\\\\B\HnT\^8ǉG\H;m2\6u\\$et\-ã\\4o\p~\_pk6Uyr\ɰ[\\kڧ\\6J)\\\_\4A\r>A\'GU T]!!`\n耺O\y\\\I\XZ\U!a\)c|x@y6\\ج$\r\W#$\Nb\\n\I\\Ed\np\WN\ٔ5gL\xt$I\TT5vuY\8Ʌ6*\\6A\m-qn>PAU\D\9f\0-XH\ݖt%AmJ1@=\@>A1>DPP{Ѫ\GFJ\bj\.A\Q9\Z=\\+R\*\"\ZKW\n\$V\"l*ANU\\\A|\&\\i=o\Uk!3\E\C$aH\6Gn&(h]\\`⏧IV}\fl4& `d%\-m\\\0\\\V*Qx\\PI){_Rj\\&_V\p6\\#h<gYYj~`t\DҒ%]%*l\4gd2\&(kBqGhP}H\"]2_@\4\Zνpo\#\QT2{Lm\\\\߷\i1\\\R\͔WO3\BК\GzgF\|z\硖\yk[,\N\\\Pߛ\\Y=v\j4\(\F\\Ʋ|\6@cH\=KImuLǙ\\G$/C\E\0~Xqo)+j\¦[MVݔ\\nqZĩ\R\\*h˒&^>w_r~0e++M\L>\w̡qp\\2e\v䦭5\'	\!\\\A/>c\A~\^L1\\r&\Q6|\P \!)\f\\loZ\f#D\&\O:)#i_.$KieF\nE\0\\}d=QR\Zh@kÆ,\\Y[9[\nuF;a4s\:gGr\M	\9X\BV\.D2\a\ѕ}\ræ:	&,u),pΡQī	A>\\|+eFuQ$\MRdU5}g^jB\7FS\\\\[b:\\\;XB=G WB.#k\880\\-\\\\\x67\\N\\^hn_r~=\0-\Q\s\nN]\\B\k%z{F:\aC\\\"\0L2\H\&YM\	\[$\v!7\A͉\\\Ѷf\\SL\^(\nČ~a\\.s\\Ş$\2\"4%|gڟL\Tl\׬\\_l{#omdҼ?LYkT,\\\}\rTOu[MN\ZZj\\\\ !\#xw# v;\Z2#+밋vJGl\rp\\\.Ҝb}ev4\nW)\8S\\o\\}v\Pae~\s9Tɍ&ɍG\Y\,\K-|s$\!s\\?L3c\!jo0R\ĒB3@0<Bp_\ThL(Hro\Oh\0OOr@\\0\0 \0IDAT{3)eJ8Vk\e\Og\~M\*\\\ڭ\u3.\G[j;lW\i ]i\\"	;I!\*\,<tbI\X\,1eL+p~A\SÌq\y\9 ԃ9d0j@&DWC}XA\=Xj\/G(\W\M.7\/r;SwOvL4,E\D`\1)}\\5.4/%\\VU\sp{(+Z.w\{\\y\䝆s\f\n	\\\W/k&qE\4|)ح%8E@\$E,%ٌ˱)\\mH> \'Pľ\01(1$6\qCЁ<T.iT*Wt7BEt*\f\Z\e\\sfx\w\\7\@\rwv~>\\\\?\>\:H\,u\\ZJ\uF)It;$]\s\'\'8Ǚx\$gY\\`\œ\4\\K$\r\;U\\cG\uRLXx*\	GBWj@\+ѬF\_u\\p>\C2\l\l9\\j\X \S\r\$\fYdk\yt\7.TyUa>\\]\0\ZBOGʷ4l\_jѪ\N\'s3&)Y\\\<yzK\\/08\\ϒh=~\\\vRv\\1n\'6\5I\.F`Y9\՟#mD\1\P$\+eHpo\ո\H\aAI\n\>\5\%\^\F\\\N)\\!Y\8}\\Mq\35Iֹ3si$5R=Uϫ:=\\\nNb/w)\\\$Rur\(\KX!\C&\45Wk	[	\N7Kz=-\d\"B&\nez(!Xx<K\UђǗ\~qg\\(gؠOB ڶFA7Wp\3K)\9\dy/@tqy_E\j\s3uDډq)*G\\RS\nƴ>3&2\\0(\hDu*)A\do\r\0RU\1v\$\K\ZY\\m,c\\]\T4թVTCp\3L8	\mN1[Qwk\U\\k-\Qr#F\\^\"\	HI42B҉N<ljէTA\\f.\s,)+\j#\u\1Ol!1̼5_Ws	\r\@\l\\\r\oEJ)圣ő\\p\\n\SWvwɍOH\+\u;\H\-+ :8m*_(F\kh\\\!\&fA\\8Մ\lMǺaf=\\9ɂ-w~*#\h=9Ȝ\FZ=.Bh\!PEQ\ƭ[PdjA,9YpŗJ\\\\^ͥxd\g\ڰiJ\wy?$n\\A\"Up\	\\II\vJ8//x(T\\'\5Q\ц{޾P=p _ [I`\\\rm\\\\Z%m\lnh\Z\~uTRj\Gо\hp\\#\\\\\9}\\\"\'-TY	\"v\\\'ܧo\Z4D	\\\Ul=fRm\r\VzXo\«\^V\0\Z=m{8b\3\vM\"\:\=\t\n ]i_R!z\?$\I\'ጝt1r%\\\4g,\rA|uyC \$\j%MI\\#DCI\![|\nj\bY}\ZreG?¥:a\ܺ\n \Oi_[\\vM\G\&8.tt`0H;ImՄ5{CR\\Hג};\M34!\nɩG&@\9x\g\\\\\c\QW\ZZSMAʥ*h\[st\n݈\@\\y\X/\\#L\_`\'\D	+$o;\R9U\\f*\lj̐P[{6vv+զnBmksKofck\"\\\P\zfv\\-C-Rq{L%r(,\҆\\_9\\qfy\t\Wz\Ί6\7\eʬZK~py\o0}r\w\5hAy\\_yYu\*;=d>\\mm\n3\N\\kR*\ra=@9ΣlЍ*6~\ٻU\0B\"kC_uC\|\z\:Uٰ\0\<<R7j\{\E]͌\=\"y\\\\n\r`?9\TNn\m\\-\Uof@\hW\W`aK\jۏB\\+l\󵭖i`q$f6{\5\0Pxa\\IU]UոmA5F\P\\`\\\m\\\:\\\ts\K8\gGt@\(hOT)\\n쉟\W\3L\L)\^to;\"ٮR\n|\\\C:#\\1lT\NZ^)զR0\\\zŗ\\\^9T\E&3\#Ѻ_\v(=7!\\\"Q6J\z\r\n\ml\Z#)](dߗ\\fZy{\\"̵Tdq\\ϋQ924P\h,j_mF\\\n)9	=L`Pv+!:0Rdrcc\S/9ꪫh=qLϲ]n\>G8Y!\VB66\6ʄD\Zɭ\neR2\c_9^&P*̽p\Zo;ȡ`S:FrV90g+RiӃ!_l\Nچ={\\lq\-FK\&\@\n(\Dң2$/e٧Ow6%H)E8hPMV7(59\g\'c,|g\\{U\\deU;O\*\\'\\x\cĖ\ެ$\*½MfӊF\KQ3B\\Evi92\Z\'\'娲\\*T\F[.]\"M!#!\)B\s\},T	%7\|\N	J\(\\\PG)XV_\n!1\9ycod\qƈ\Zb\14\kפ:F\ୋɻ}2(=LW\$\\q\/\-.HN4Mv*@\	YGL|𽳌=<Nb\\y\\\ǀv~\\\\\\\n\'4#\'t*\\p$~\$W\UB_Z@\֌ތI~0Wlu\'ժ\J\\8Ar\3y`\D\붓0\aE\\:Q]횺\[ܠ0ڛc\$\\\\\0\>;YgC\'`\|m\jTJ\1(I;	\'J0·N\y\^?\K,(ـ\\}}\M7WenS2O6H[@\a|sc\Z#[\\OrRD\r\\<x󰒛q-\\\,%W\\p4\pwD|\eŲXydIUVᄱɒ\r\\j-Vk	Y6\||e;\G75}$3f\P\?̉L?\\\SN\\M,.\@W\ZFN_\~T\'C\M\k\Q:_K-Sm70R<I0l\\5\ِ\\\Sk\+\q_\*\'\&q?׉ca\QT=\*tZER\dcca\֊N\\q\>Š\6\nU(<uv@ʞPY}՘\\{H\0\Z\\\J\{\]66\>$P0\ǚ_M\>I_CMtJ\DC\\~,\\[\F=\Z:~\I(+\>u^pIt8n\6	Z\sV\'&\sT\1M5\!ì\aW\\LĈCy9\Z\\[,v\{B܌:\\\/`\k\'i9)c7Ͷs%,ِB/!%Ҥ\į߸3Y\g.njmm>ߙT\\+\Z&*nVBt`_\\m\#%\Z[[\0A\B\\\HHm}:08og\>~Ď>6^\L\DYw\(\" z/\'\$t\tM\\Wϱ\lM\\b[ڊ!\PFdPasWD\L\V8-:D\\^ҹ\Z뽹\9|-E\0\e\jv\ML\Db\\v\ffJ`|\auD<#N\ZsqVy]\d\JRB\\nĨBӄs\\C)\5*^~}T#y#1_sMZ\}TH[<!H\10|\ʥr1Y|b\0\\"nqod$W0ly\\wM\ߕ\K\nhw\n\'v	M\o-\ʎ-:v\\\\0\yLj\\m\?bsQ߭\'U\zh\x\\-}r\n3\,K?8oT1q:\ҥc\\ݎ\*IB;LP\R\r\Z\Zf6YSY	$ixǔ&\M+wi#A\\h\\R\M\b2B\>=\\[sUTG\jqK\*{GHi>4W\.p\\{NUdh\m]\6J?Ld\"Ťܵd\'Cq9\`e}\xK\\\\2c\A@z3\'YI^i#b\\#ė/\N8\Ԁ\& vs\@Y@W|f\@:u\5֭񾁑FxFH^it\+{\\\\WV\Z\\㾔dI\:l\ߝ\J5V\\\Wl\{}1\0\TDAD\I\\Gh\zd\OO\II/\\\S(`\ZLÐZ\z)\.&\kd	\_:R\w\"uS2T\\Ui*n\`O\\xv\\#Ћ\F)LEms70R3K\ridK\\"\03]M\\R\}	8w\m@hw3\&Br%&\tt.vs-EB\\ۭ͌< ]bR-FL~}Wg{<\\>ͱ/}u\Z\^1\o\\\\2KWV8uԚe\i11~\\Zd=~xqp(\Z6\}\\H\\\\s9\nXixz6\Z-\\}Mm7\"(̅\:DNgWY\		t\\3zC\T\\%\\j-!\R\L}֙\+\lvDk\i^?\\+׉o\db?zod\$\Z8}8Y\\G\TJ\\e|xs\\\yfy\v¹o\{\rvBq\nȤBM\\'\0)ݑN/*T\\\?!1\\ǡ\(SUEIc\\`H\=\yC\\>.)L^\ZiAKOIW\z\yBn\"/Jmiu3If\\\PZBtû<.\\Z\I\ʥ%\\' Nqge\\p\\)\>n0q\\N}e\2/]1͘C\\\˥iUlZ+[нw\{m%Z@-cѾ \Ҕ\\0Gڤ*\'1\qd\QjSpi.u^?\\\gt>жurfoίu\\56\?ԣaJ@%6ӛZ)W-6\]Ҫ\m\B`\q><\췞L>9\\&8\Y\0\4\R\"I\"1>\Z,ɯ>w\>C\\ġ5==ř?9E`\Qo,#ī\i\R\s۹ۖiv%\\\Gǎ\"\gy\ӤoM#\=U\Az\[\@\Z9A\\*\SE\)\\\l\ǯ1qL_d0^8\\\'A0\)1߿\+gu>ǿ9C|e	o`\sX\1ٍ=!\99w`8M\j\B0<0@($1\0/\\Z\0a>\0\a\\T\>ـ\A\\_A?n\\\R\\\#O\ȓǶ\D\͘\KseZ\X[ڂ!y\ѵ\Ɇ\8N\\^x//&\hk0D(\TsdBF\\ob̿vV\\g<\\wId}\\}?{I3\R\KD<\*\Ty^u\݈:l\\\K 4!aHd\wLH\jZK*\t/\\\\Z\0boT D\]\9g\t\5^2L8\Z\,\m\MUiLT\Fv8\gX|s\Qf0:u\f\\\,g2\\T>>\nUJq\B\9Ӏ-\D\c$z\6h{\r}{$>+ztyѯM#n:\r){{GƑ}>23\\\7\)/͈\O\"}	o\\yA30(\\p`\08\y\'P\nܤ\0\\"9p$<\,cc諊ڠ\\PXw\/v47Bu:,<urr\':/4)Lu(\b\\j\r\R\v\e\\\I%#eWۿ>\8\;\dWD\H(j\r>\0\FLl\!Y\S\Wjh\\\CQM$,Պ]S\n\G.m>\ť=\`^#Az\\-\\~CKqv\\C`9=M;!le\>Da.\\Un#]q\Q.\ZN\n\ \\\@9ak䪋\칡? \ԏc\PDOlߌ+w}\y(\B\\4)\'Εe\:剸7\\R\s]\']L\\*n-\\\\{=\nB\7l\"\Z4n{\nq?\l\P0\}ZnӪf9\STN{5&x\QIJѹ\\%3~L\U?\j\r	\4ϱd~Z%IP!LX\"b>\\	\nWTNQ#T(B6$S\xJ\0e\3\l}s\iO+@)\Z\IE&f}ز\q]:GK7c\Me%ُD01,\z6V\Zif=>\]\R9\\ĭ+\F_b;꼽L\I𺪪3F7㧶\G`tߙ{uNw&\cky\Jj4K5QS\'\k	x\n[T\atƶ~\ZI9U}\r;:|S?\7$+ U:>?%%Ᵽ\%Z]\\n%K9\i^|.Tep=2T\\j\Y3RW@\\\\m9\M)wrr\}\osk\o&+\\R\"\t\'7A\a\\r\O\c5S\*&\0:\+N\\\O-\ncĊ(u&(<=д[Ȇ\58I-iEŲS\_\\̖Ԑᴛ\wS8rso\3v;!,L~UeΕpJ8\H=+`\Jl!T+(k\1kXP\톸y\\S\N\\0x\#߈..Lך4`nM!\\H\\\ڝ\"<d0\amSeQވ:%\\/z\|\~ְ\\/H\ǋ,Jk~\f\Ea%Z\~nKw\RFL\h\\储cZ+6(d8ˌJ\k\}T\nPk=GA`<Z]\7\Pe\<6QdBAցN?;/\?\-Xj\Zـ^\\(Q[Ԁe\\\\\\*Ku,0<JsUHiC\Zͮ2h\TQ\yj\\\6\%\\+ķb\;	IWn\DYJX@p^O;\*c+٪\ZcR\ѭU`\ntƮ\v\ϳ\\hߌ\\rDDw~v\B\0\\=0\av.;e$\F\\"^v\\yBj#2f\L\!.\$K d\\\n֭\5B,݌/{\r=7MxfWi6b\~\=c\p&	I\\.*>\5!\\;2\}\=ʕ\"[wdB\rnF\IIlv&u\tI{	g7\0DJIh\n,#.r>Q7Et\\\}\dt9Nr\\*RN\;l-eiyy}yyi=Uj \2\\Z94F(rR\\\\0~\\\޻hݲ\\VO3X6:\Q\\\Z\0>R\W\xN]wRL7\Le%.҉*_;\\0Zr\\\u_\\0\0IDAT\TxXWb@	O3w{#4C\u2^m\ \\G0\\?ρ\4\e\G-\r&~WJ\\|̿gcXB\1j\\~\r0%U:;\\ŠNG+}R*d-!I\ߚ\ſX%7\0~\LC#rd\~\![c}9\\? \\\\Y\Uo\fG7*Em\P\ݜVLZ\\+\N\Z\V]Va+4}$~d\hu=h\1\Sh&RfCbPx\2\.!\]\ǅ%cy6aԏCK	*En\\*<\\\\N\Y?o\?ɲ,\\}t\O\\\\Z\h\|\H\Z@3f(_?<|L.\\n\g^\~S=\w\\\\_6\\P;*Fx\o\Lfw\5\~G^\G\\\0s|\0bO8\UR\!\\\T\r\d\:sS=\\{\z]C3\{hF߽k\\\\\\\\r>\ZT\\y1\2\@\ԁ?\w\d?̆\\\w\\\>b܇\\s޻\\{\o\\\P1>ۺ\\\G1үz\f\\\gf~K\5\\%\\I\\0\0\0\0IENDB`',1,1,1,0,'','',1,0,1,'1234567890124/1,1234567890125/1,1234567890123/1',0,1,0,0);
/*!40000 ALTER TABLE `products` ENABLE KEYS */;
UNLOCK TABLES;

--
-- Table structure for table `providers`
--

DROP TABLE IF EXISTS `providers`;
/*!40101 SET @saved_cs_client     = @@character_set_client */;
/*!40101 SET character_set_client = utf8 */;
CREATE TABLE `providers` (
  `id` int(10) unsigned NOT NULL AUTO_INCREMENT,
  `name` varchar(255) NOT NULL DEFAULT '',
  `address` varchar(255) DEFAULT NULL,
  `phone` varchar(50) DEFAULT NULL,
  `cellphone` varchar(50) DEFAULT NULL,
  PRIMARY KEY (`id`,`name`)
) ENGINE=MyISAM AUTO_INCREMENT=2 DEFAULT CHARSET=utf8;
/*!40101 SET character_set_client = @saved_cs_client */;

--
-- Dumping data for table `providers`
--

LOCK TABLES `providers` WRITE;
/*!40000 ALTER TABLE `providers` DISABLE KEYS */;
INSERT INTO `providers` VALUES (1,'No provider','-NA-','-NA-','-NA-');
/*!40000 ALTER TABLE `providers` ENABLE KEYS */;
UNLOCK TABLES;

--
-- Table structure for table `random_msgs`
--

DROP TABLE IF EXISTS `random_msgs`;
/*!40101 SET @saved_cs_client     = @@character_set_client */;
/*!40101 SET character_set_client = utf8 */;
CREATE TABLE `random_msgs` (
  `id` bigint(20) unsigned NOT NULL AUTO_INCREMENT,
  `message` varchar(512) DEFAULT NULL,
  `season` int(10) unsigned NOT NULL DEFAULT '1',
  `count` bigint(20) unsigned NOT NULL DEFAULT '0',
  PRIMARY KEY (`id`)
) ENGINE=MyISAM DEFAULT CHARSET=utf8;
/*!40101 SET character_set_client = @saved_cs_client */;

--
-- Dumping data for table `random_msgs`
--

LOCK TABLES `random_msgs` WRITE;
/*!40000 ALTER TABLE `random_msgs` DISABLE KEYS */;
/*!40000 ALTER TABLE `random_msgs` ENABLE KEYS */;
UNLOCK TABLES;

--
-- Table structure for table `reservation_payments`
--

DROP TABLE IF EXISTS `reservation_payments`;
/*!40101 SET @saved_cs_client     = @@character_set_client */;
/*!40101 SET character_set_client = utf8 */;
CREATE TABLE `reservation_payments` (
  `id` bigint(20) unsigned NOT NULL AUTO_INCREMENT,
  `reservation_id` bigint(20) unsigned NOT NULL,
  `date` date NOT NULL DEFAULT '2010-01-01',
  `amount` double unsigned NOT NULL DEFAULT '0',
  PRIMARY KEY (`id`),
  KEY `SEC` (`reservation_id`)
) ENGINE=MyISAM DEFAULT CHARSET=utf8;
/*!40101 SET character_set_client = @saved_cs_client */;

--
-- Dumping data for table `reservation_payments`
--

LOCK TABLES `reservation_payments` WRITE;
/*!40000 ALTER TABLE `reservation_payments` DISABLE KEYS */;
/*!40000 ALTER TABLE `reservation_payments` ENABLE KEYS */;
UNLOCK TABLES;

--
-- Table structure for table `reservations`
--

DROP TABLE IF EXISTS `reservations`;
/*!40101 SET @saved_cs_client     = @@character_set_client */;
/*!40101 SET character_set_client = utf8 */;
CREATE TABLE `reservations` (
  `id` bigint(20) unsigned NOT NULL AUTO_INCREMENT,
  `transaction_id` bigint(20) unsigned NOT NULL,
  `client_id` bigint(20) unsigned NOT NULL,
  `date` date NOT NULL DEFAULT '2010-01-01',
  `status` int(5) unsigned NOT NULL DEFAULT '1',
  `payment` double unsigned NOT NULL DEFAULT '0',
  `total` double unsigned NOT NULL DEFAULT '0',
  `totaltaxes` double unsigned NOT NULL DEFAULT '0',
  `profit` double unsigned NOT NULL DEFAULT '0',
  `discount` double NOT NULL DEFAULT '0',
  `item_discounts` varchar(1000) DEFAULT '',
  PRIMARY KEY (`id`)
) ENGINE=MyISAM DEFAULT CHARSET=utf8;
/*!40101 SET character_set_client = @saved_cs_client */;

--
-- Dumping data for table `reservations`
--

LOCK TABLES `reservations` WRITE;
/*!40000 ALTER TABLE `reservations` DISABLE KEYS */;
/*!40000 ALTER TABLE `reservations` ENABLE KEYS */;
UNLOCK TABLES;

--
-- Table structure for table `so_status`
--

DROP TABLE IF EXISTS `so_status`;
/*!40101 SET @saved_cs_client     = @@character_set_client */;
/*!40101 SET character_set_client = utf8 */;
CREATE TABLE `so_status` (
  `id` int(10) unsigned NOT NULL DEFAULT '0',
  `text` varchar(50) NOT NULL,
  PRIMARY KEY (`id`)
) ENGINE=MyISAM DEFAULT CHARSET=utf8;
/*!40101 SET character_set_client = @saved_cs_client */;

--
-- Dumping data for table `so_status`
--

LOCK TABLES `so_status` WRITE;
/*!40000 ALTER TABLE `so_status` DISABLE KEYS */;
INSERT INTO `so_status` VALUES (0,'Pending'),(1,'In Progress'),(2,'Ready'),(3,'Delivered'),(4,'Cancelled');
/*!40000 ALTER TABLE `so_status` ENABLE KEYS */;
UNLOCK TABLES;

--
-- Table structure for table `special_orders`
--

DROP TABLE IF EXISTS `special_orders`;
/*!40101 SET @saved_cs_client     = @@character_set_client */;
/*!40101 SET character_set_client = utf8 */;
CREATE TABLE `special_orders` (
  `orderid` bigint(20) unsigned NOT NULL AUTO_INCREMENT,
  `name` varchar(255) NOT NULL DEFAULT 'unknown',
  `groupElements` varchar(1000) DEFAULT '',
  `qty` double unsigned NOT NULL DEFAULT '1',
  `price` double unsigned NOT NULL DEFAULT '0',
  `cost` double unsigned NOT NULL DEFAULT '0',
  `units` int(10) unsigned NOT NULL DEFAULT '0',
  `status` int(10) DEFAULT '0',
  `saleid` bigint(20) unsigned NOT NULL DEFAULT '1',
  `notes` varchar(800) DEFAULT '',
  `payment` double unsigned NOT NULL DEFAULT '0',
  `completePayment` tinyint(1) DEFAULT '0',
  `dateTime` datetime NOT NULL DEFAULT '2009-01-01 00:00:00',
  `deliveryDateTime` datetime NOT NULL DEFAULT '2009-01-01 00:00:00',
  `clientId` bigint(20) unsigned NOT NULL DEFAULT '1',
  `userId` bigint(20) unsigned NOT NULL DEFAULT '1',
  PRIMARY KEY (`orderid`),
  KEY `SEC` (`saleid`)
) ENGINE=MyISAM DEFAULT CHARSET=utf8;
/*!40101 SET character_set_client = @saved_cs_client */;

--
-- Dumping data for table `special_orders`
--

LOCK TABLES `special_orders` WRITE;
/*!40000 ALTER TABLE `special_orders` DISABLE KEYS */;
/*!40000 ALTER TABLE `special_orders` ENABLE KEYS */;
UNLOCK TABLES;

--
-- Table structure for table `stock_corrections`
--

DROP TABLE IF EXISTS `stock_corrections`;
/*!40101 SET @saved_cs_client     = @@character_set_client */;
/*!40101 SET character_set_client = utf8 */;
CREATE TABLE `stock_corrections` (
  `id` int(10) unsigned NOT NULL AUTO_INCREMENT,
  `product_id` bigint(20) unsigned NOT NULL,
  `new_stock_qty` double NOT NULL,
  `old_stock_qty` double NOT NULL,
  `reason` varchar(255) NOT NULL,
  `date` varchar(20) NOT NULL DEFAULT '2009-01-01',
  `time` varchar(20) NOT NULL DEFAULT '00:00',
  PRIMARY KEY (`id`)
) ENGINE=MyISAM DEFAULT CHARSET=utf8;
/*!40101 SET character_set_client = @saved_cs_client */;

--
-- Dumping data for table `stock_corrections`
--

LOCK TABLES `stock_corrections` WRITE;
/*!40000 ALTER TABLE `stock_corrections` DISABLE KEYS */;
/*!40000 ALTER TABLE `stock_corrections` ENABLE KEYS */;
UNLOCK TABLES;

--
-- Table structure for table `subcategories`
--

DROP TABLE IF EXISTS `subcategories`;
/*!40101 SET @saved_cs_client     = @@character_set_client */;
/*!40101 SET character_set_client = utf8 */;
CREATE TABLE `subcategories` (
  `id` int(10) unsigned NOT NULL AUTO_INCREMENT,
  `text` varchar(50) NOT NULL,
  PRIMARY KEY (`id`),
  KEY `SEC` (`text`)
) ENGINE=MyISAM AUTO_INCREMENT=2 DEFAULT CHARSET=utf8;
/*!40101 SET character_set_client = @saved_cs_client */;

--
-- Dumping data for table `subcategories`
--

LOCK TABLES `subcategories` WRITE;
/*!40000 ALTER TABLE `subcategories` DISABLE KEYS */;
INSERT INTO `subcategories` VALUES (1,'General');
/*!40000 ALTER TABLE `subcategories` ENABLE KEYS */;
UNLOCK TABLES;

--
-- Table structure for table `taxelements`
--

DROP TABLE IF EXISTS `taxelements`;
/*!40101 SET @saved_cs_client     = @@character_set_client */;
/*!40101 SET character_set_client = utf8 */;
CREATE TABLE `taxelements` (
  `elementid` bigint(20) unsigned NOT NULL AUTO_INCREMENT,
  `ename` varchar(50) NOT NULL,
  `rate` double unsigned NOT NULL,
  PRIMARY KEY (`elementid`)
) ENGINE=MyISAM AUTO_INCREMENT=5 DEFAULT CHARSET=utf8;
/*!40101 SET character_set_client = @saved_cs_client */;

--
-- Dumping data for table `taxelements`
--

LOCK TABLES `taxelements` WRITE;
/*!40000 ALTER TABLE `taxelements` DISABLE KEYS */;
INSERT INTO `taxelements` VALUES (1,'Exento de impuestos',0),(2,'IVA',16),(3,'Impuesto al tabaco',5),(4,'Impuesto a las comunicaciones',2);
/*!40000 ALTER TABLE `taxelements` ENABLE KEYS */;
UNLOCK TABLES;

--
-- Table structure for table `taxmodels`
--

DROP TABLE IF EXISTS `taxmodels`;
/*!40101 SET @saved_cs_client     = @@character_set_client */;
/*!40101 SET character_set_client = utf8 */;
CREATE TABLE `taxmodels` (
  `modelid` bigint(20) unsigned NOT NULL AUTO_INCREMENT,
  `tname` varchar(50) NOT NULL,
  `elementsid` varchar(50) NOT NULL,
  PRIMARY KEY (`modelid`)
) ENGINE=MyISAM AUTO_INCREMENT=5 DEFAULT CHARSET=utf8;
/*!40101 SET character_set_client = @saved_cs_client */;

--
-- Dumping data for table `taxmodels`
--

LOCK TABLES `taxmodels` WRITE;
/*!40000 ALTER TABLE `taxmodels` DISABLE KEYS */;
INSERT INTO `taxmodels` VALUES (1,'Exento','1'),(2,'General','2'),(3,'Cigarros','2,3'),(4,'Comunicaciones','3,4');
/*!40000 ALTER TABLE `taxmodels` ENABLE KEYS */;
UNLOCK TABLES;

--
-- Table structure for table `transactionitems`
--

DROP TABLE IF EXISTS `transactionitems`;
/*!40101 SET @saved_cs_client     = @@character_set_client */;
/*!40101 SET character_set_client = utf8 */;
CREATE TABLE `transactionitems` (
  `transaction_id` bigint(20) unsigned NOT NULL,
  `position` int(10) unsigned NOT NULL,
  `product_id` bigint(20) unsigned NOT NULL,
  `qty` double DEFAULT NULL,
  `points` double DEFAULT NULL,
  `unitstr` varchar(50) DEFAULT NULL,
  `cost` double DEFAULT NULL,
  `price` double DEFAULT NULL,
  `disc` double DEFAULT NULL,
  `total` double DEFAULT NULL,
  `name` varchar(255) DEFAULT NULL,
  `payment` double DEFAULT '0',
  `completePayment` tinyint(1) DEFAULT '0',
  `soId` varchar(255) DEFAULT '',
  `isGroup` tinyint(1) DEFAULT '0',
  `deliveryDateTime` datetime DEFAULT '2009-01-01 00:00:00',
  `tax` double DEFAULT '0',
  UNIQUE KEY `transaction_id` (`transaction_id`,`position`),
  KEY `product_id` (`product_id`)
) ENGINE=MyISAM DEFAULT CHARSET=utf8;
/*!40101 SET character_set_client = @saved_cs_client */;

--
-- Dumping data for table `transactionitems`
--

LOCK TABLES `transactionitems` WRITE;
/*!40000 ALTER TABLE `transactionitems` DISABLE KEYS */;
INSERT INTO `transactionitems` VALUES (5,1,1234567890124,1,0,'Pc',10,20,0,20,'Doritos Nacho',0,1,'',0,NULL,0),(5,2,1234567890125,1,0,'Pc',5,10,0,10,'Coca Cola',0,1,'',0,NULL,0),(5,3,1234567890123,1,0,'Pc',5,10,0,10,'Herashey bar',0,1,'',0,NULL,0),(6,1,1234567890124,2,0,'Pc',10,20,0,40,'Doritos Nacho',0,1,'',0,NULL,0),(6,2,1234567890125,2,0,'Pc',5,10,0,20,'Coca Cola',0,1,'',0,NULL,0),(6,3,1234567890123,2,0,'Pc',5,10,0,20,'Herashey bar',0,1,'',0,NULL,0),(6,4,1234567890126,1,0,'Pc',20,40,0,40,'Paq 1|  1   Doritos Nacho|  1   Coca Cola|  1   Herashey bar',0,1,'',1,NULL,0),(7,1,1234567890124,1,0,'Pc',10,20,0,20,'Doritos Nacho',0,1,'',0,NULL,0),(7,2,1234567890125,1,0,'Pc',5,10,0,10,'Coca Cola',0,1,'',0,NULL,0),(7,3,1234567890123,1,0,'Pc',5,10,0,10,'Herashey bar',0,1,'',0,NULL,0);
/*!40000 ALTER TABLE `transactionitems` ENABLE KEYS */;
UNLOCK TABLES;

--
-- Table structure for table `transactions`
--

DROP TABLE IF EXISTS `transactions`;
/*!40101 SET @saved_cs_client     = @@character_set_client */;
/*!40101 SET character_set_client = utf8 */;
CREATE TABLE `transactions` (
  `id` bigint(20) unsigned NOT NULL AUTO_INCREMENT,
  `clientid` int(10) unsigned NOT NULL,
  `type` smallint(5) unsigned DEFAULT NULL,
  `amount` double unsigned NOT NULL DEFAULT '0',
  `date` date NOT NULL DEFAULT '2009-01-01',
  `time` time NOT NULL DEFAULT '00:00:00',
  `paidwith` double unsigned NOT NULL DEFAULT '0',
  `changegiven` double unsigned NOT NULL DEFAULT '0',
  `paymethod` int(10) NOT NULL DEFAULT '0',
  `cardtype` int(10) NOT NULL DEFAULT '1',
  `state` int(10) NOT NULL DEFAULT '0',
  `userid` int(10) NOT NULL DEFAULT '0',
  `cardnumber` varchar(20) DEFAULT NULL,
  `itemcount` int(10) unsigned NOT NULL DEFAULT '0',
  `itemslist` varchar(1000) NOT NULL,
  `points` bigint(20) unsigned NOT NULL DEFAULT '0',
  `discmoney` double NOT NULL DEFAULT '0',
  `disc` double NOT NULL DEFAULT '0',
  `cardauthnumber` varchar(50) NOT NULL,
  `utility` double NOT NULL DEFAULT '0',
  `terminalnum` int(10) unsigned NOT NULL DEFAULT '1',
  `providerid` int(10) unsigned NOT NULL DEFAULT '1',
  `specialOrders` varchar(1000) DEFAULT '',
  `balanceId` bigint(20) unsigned NOT NULL DEFAULT '1',
  `totalTax` double NOT NULL DEFAULT '0',
  PRIMARY KEY (`id`),
  KEY `SEC` (`clientid`,`type`,`date`,`time`,`state`)
) ENGINE=MyISAM AUTO_INCREMENT=10 DEFAULT CHARSET=utf8;
/*!40101 SET character_set_client = @saved_cs_client */;

--
-- Dumping data for table `transactions`
--

LOCK TABLES `transactions` WRITE;
/*!40000 ALTER TABLE `transactions` DISABLE KEYS */;
INSERT INTO `transactions` VALUES (1,1,2,500,'2016-01-16','09:28:00',0,0,1,7708704,2,1,'-NA-',100,'1234567890123/100',0,0,0,'-NA-',0,0,1,'',0,0),(2,1,2,10000,'2016-01-16','09:29:00',0,0,1,1970730888,2,1,'-NA-',1000,'1234567890124/1000',0,0,0,'-NA-',0,0,1,'',0,0),(3,1,2,5000,'2016-01-16','09:30:00',0,0,1,7708704,2,1,'-NA-',1000,'1234567890125/1000',0,0,0,'-NA-',0,0,1,'',0,0),(4,1,2,20,'2016-01-16','09:34:00',0,0,1,7708704,2,1,'-NA-',1,'1234567890126/1',0,0,0,'-NA-',0,0,1,'',0,0),(5,1,1,40,'2016-01-18','21:52:00',40,0,1,1,2,1,'',3,'1234567890124/1,1234567890125/1,1234567890123/1',0,0,0,'',20,1,1,NULL,3,0),(6,1,1,120,'2016-01-18','21:52:00',120,0,1,1,2,1,'',7,'1234567890124/2,1234567890125/2,1234567890123/2,1234567890126/1',0,0,0,'',60,1,1,NULL,3,0),(7,1,1,40,'2016-01-18','21:53:00',40,0,1,1,2,1,'',3,'1234567890124/1,1234567890125/1,1234567890123/1',0,0,0,'',20,1,1,NULL,3,0),(9,1,1,10,'2016-01-19','13:38:00',0,0,1,16424376,1,1,'NA',1,'1234567890123/1',0,0,0,'NA',5,1,1,NULL,4,2.1301104714e-314);
/*!40000 ALTER TABLE `transactions` ENABLE KEYS */;
UNLOCK TABLES;

--
-- Table structure for table `transactionstates`
--

DROP TABLE IF EXISTS `transactionstates`;
/*!40101 SET @saved_cs_client     = @@character_set_client */;
/*!40101 SET character_set_client = utf8 */;
CREATE TABLE `transactionstates` (
  `stateid` int(10) unsigned NOT NULL AUTO_INCREMENT,
  `text` varchar(50) NOT NULL,
  PRIMARY KEY (`stateid`)
) ENGINE=MyISAM AUTO_INCREMENT=10 DEFAULT CHARSET=utf8;
/*!40101 SET character_set_client = @saved_cs_client */;

--
-- Dumping data for table `transactionstates`
--

LOCK TABLES `transactionstates` WRITE;
/*!40000 ALTER TABLE `transactionstates` DISABLE KEYS */;
INSERT INTO `transactionstates` VALUES (1,'Not Completed'),(2,'Completed'),(3,'Cancelled'),(4,'PO Pending'),(5,'PO Completed'),(6,'PO Incomplete'),(7,'Reservation'),(8,'Internal Credit'),(9,'Internal Credit');
/*!40000 ALTER TABLE `transactionstates` ENABLE KEYS */;
UNLOCK TABLES;

--
-- Table structure for table `transactiontypes`
--

DROP TABLE IF EXISTS `transactiontypes`;
/*!40101 SET @saved_cs_client     = @@character_set_client */;
/*!40101 SET character_set_client = utf8 */;
CREATE TABLE `transactiontypes` (
  `ttypeid` int(10) unsigned NOT NULL AUTO_INCREMENT,
  `text` varchar(50) NOT NULL,
  PRIMARY KEY (`ttypeid`)
) ENGINE=MyISAM AUTO_INCREMENT=5 DEFAULT CHARSET=utf8;
/*!40101 SET character_set_client = @saved_cs_client */;

--
-- Dumping data for table `transactiontypes`
--

LOCK TABLES `transactiontypes` WRITE;
/*!40000 ALTER TABLE `transactiontypes` DISABLE KEYS */;
INSERT INTO `transactiontypes` VALUES (1,'Sell'),(2,'Purchase'),(3,'Change'),(4,'Return');
/*!40000 ALTER TABLE `transactiontypes` ENABLE KEYS */;
UNLOCK TABLES;

--
-- Table structure for table `users`
--

DROP TABLE IF EXISTS `users`;
/*!40101 SET @saved_cs_client     = @@character_set_client */;
/*!40101 SET character_set_client = utf8 */;
CREATE TABLE `users` (
  `id` bigint(20) unsigned NOT NULL AUTO_INCREMENT,
  `username` varchar(50) NOT NULL DEFAULT '',
  `password` varchar(50) DEFAULT NULL,
  `salt` varchar(5) DEFAULT NULL,
  `name` varchar(255) DEFAULT '',
  `address` varchar(255) DEFAULT NULL,
  `phone` varchar(50) DEFAULT NULL,
  `phone_movil` varchar(50) DEFAULT NULL,
  `role` int(10) unsigned DEFAULT '0',
  `photo` blob,
  PRIMARY KEY (`id`),
  KEY `SEC` (`username`)
) ENGINE=MyISAM AUTO_INCREMENT=2 DEFAULT CHARSET=utf8;
/*!40101 SET character_set_client = @saved_cs_client */;

--
-- Dumping data for table `users`
--

LOCK TABLES `users` WRITE;
/*!40000 ALTER TABLE `users` DISABLE KEYS */;
INSERT INTO `users` VALUES (1,'admin','C07B1E799DC80B95060391DDF92B3C7EF6EECDCB','h60VK','Administrator',NULL,NULL,NULL,2,NULL);
/*!40000 ALTER TABLE `users` ENABLE KEYS */;
UNLOCK TABLES;

--
-- Temporary table structure for view `v_groupedSO`
--

DROP TABLE IF EXISTS `v_groupedSO`;
/*!50001 DROP VIEW IF EXISTS `v_groupedSO`*/;
SET @saved_cs_client     = @@character_set_client;
SET character_set_client = utf8;
/*!50001 CREATE TABLE `v_groupedSO` (
  `orderid` tinyint NOT NULL,
  `name` tinyint NOT NULL,
  `groupElements` tinyint NOT NULL,
  `qty` tinyint NOT NULL,
  `price` tinyint NOT NULL,
  `cost` tinyint NOT NULL,
  `units` tinyint NOT NULL,
  `status` tinyint NOT NULL,
  `saleid` tinyint NOT NULL,
  `notes` tinyint NOT NULL,
  `payment` tinyint NOT NULL,
  `completePayment` tinyint NOT NULL,
  `dateTime` tinyint NOT NULL,
  `deliveryDateTime` tinyint NOT NULL,
  `clientId` tinyint NOT NULL,
  `userId` tinyint NOT NULL
) ENGINE=MyISAM */;
SET character_set_client = @saved_cs_client;

--
-- Temporary table structure for view `v_transS`
--

DROP TABLE IF EXISTS `v_transS`;
/*!50001 DROP VIEW IF EXISTS `v_transS`*/;
SET @saved_cs_client     = @@character_set_client;
SET character_set_client = utf8;
/*!50001 CREATE TABLE `v_transS` (
  `id` tinyint NOT NULL,
  `userid` tinyint NOT NULL,
  `clientid` tinyint NOT NULL,
  `date` tinyint NOT NULL,
  `time` tinyint NOT NULL,
  `state` tinyint NOT NULL,
  `itemslist` tinyint NOT NULL,
  `terminalnum` tinyint NOT NULL,
  `itemcount` tinyint NOT NULL
) ENGINE=MyISAM */;
SET character_set_client = @saved_cs_client;

--
-- Temporary table structure for view `v_transactionitems`
--

DROP TABLE IF EXISTS `v_transactionitems`;
/*!50001 DROP VIEW IF EXISTS `v_transactionitems`*/;
SET @saved_cs_client     = @@character_set_client;
SET character_set_client = utf8;
/*!50001 CREATE TABLE `v_transactionitems` (
  `datetime` tinyint NOT NULL,
  `id` tinyint NOT NULL,
  `points` tinyint NOT NULL,
  `name` tinyint NOT NULL,
  `price` tinyint NOT NULL,
  `disc` tinyint NOT NULL,
  `total` tinyint NOT NULL,
  `clientid` tinyint NOT NULL,
  `userid` tinyint NOT NULL,
  `date` tinyint NOT NULL,
  `time` tinyint NOT NULL,
  `position` tinyint NOT NULL,
  `product_id` tinyint NOT NULL,
  `cost` tinyint NOT NULL
) ENGINE=MyISAM */;
SET character_set_client = @saved_cs_client;

--
-- Temporary table structure for view `v_transactions`
--

DROP TABLE IF EXISTS `v_transactions`;
/*!50001 DROP VIEW IF EXISTS `v_transactions`*/;
SET @saved_cs_client     = @@character_set_client;
SET character_set_client = utf8;
/*!50001 CREATE TABLE `v_transactions` (
  `datetime` tinyint NOT NULL,
  `id` tinyint NOT NULL,
  `clientid` tinyint NOT NULL,
  `userid` tinyint NOT NULL,
  `itemcount` tinyint NOT NULL,
  `disc` tinyint NOT NULL,
  `amount` tinyint NOT NULL,
  `date` tinyint NOT NULL
) ENGINE=MyISAM */;
SET character_set_client = @saved_cs_client;

--
-- Temporary table structure for view `v_transactionsbydate`
--

DROP TABLE IF EXISTS `v_transactionsbydate`;
/*!50001 DROP VIEW IF EXISTS `v_transactionsbydate`*/;
SET @saved_cs_client     = @@character_set_client;
SET character_set_client = utf8;
/*!50001 CREATE TABLE `v_transactionsbydate` (
  `date` tinyint NOT NULL,
  `transactions` tinyint NOT NULL,
  `items` tinyint NOT NULL,
  `total` tinyint NOT NULL
) ENGINE=MyISAM */;
SET character_set_client = @saved_cs_client;

--
-- Final view structure for view `v_groupedSO`
--

/*!50001 DROP TABLE IF EXISTS `v_groupedSO`*/;
/*!50001 DROP VIEW IF EXISTS `v_groupedSO`*/;
/*!50001 SET @saved_cs_client          = @@character_set_client */;
/*!50001 SET @saved_cs_results         = @@character_set_results */;
/*!50001 SET @saved_col_connection     = @@collation_connection */;
/*!50001 SET character_set_client      = utf8 */;
/*!50001 SET character_set_results     = utf8 */;
/*!50001 SET collation_connection      = utf8_general_ci */;
/*!50001 CREATE ALGORITHM=UNDEFINED */
/*!50013 DEFINER=`root`@`localhost` SQL SECURITY DEFINER */
/*!50001 VIEW `v_groupedSO` AS select `special_orders`.`orderid` AS `orderid`,`special_orders`.`name` AS `name`,`special_orders`.`groupElements` AS `groupElements`,`special_orders`.`qty` AS `qty`,`special_orders`.`price` AS `price`,`special_orders`.`cost` AS `cost`,`special_orders`.`units` AS `units`,`special_orders`.`status` AS `status`,`special_orders`.`saleid` AS `saleid`,`special_orders`.`notes` AS `notes`,`special_orders`.`payment` AS `payment`,`special_orders`.`completePayment` AS `completePayment`,`special_orders`.`dateTime` AS `dateTime`,`special_orders`.`deliveryDateTime` AS `deliveryDateTime`,`special_orders`.`clientId` AS `clientId`,`special_orders`.`userId` AS `userId` from `special_orders` group by `special_orders`.`saleid` */;
/*!50001 SET character_set_client      = @saved_cs_client */;
/*!50001 SET character_set_results     = @saved_cs_results */;
/*!50001 SET collation_connection      = @saved_col_connection */;

--
-- Final view structure for view `v_transS`
--

/*!50001 DROP TABLE IF EXISTS `v_transS`*/;
/*!50001 DROP VIEW IF EXISTS `v_transS`*/;
/*!50001 SET @saved_cs_client          = @@character_set_client */;
/*!50001 SET @saved_cs_results         = @@character_set_results */;
/*!50001 SET @saved_col_connection     = @@collation_connection */;
/*!50001 SET character_set_client      = utf8 */;
/*!50001 SET character_set_results     = utf8 */;
/*!50001 SET collation_connection      = utf8_general_ci */;
/*!50001 CREATE ALGORITHM=UNDEFINED */
/*!50013 DEFINER=`root`@`localhost` SQL SECURITY DEFINER */
/*!50001 VIEW `v_transS` AS select `transactions`.`id` AS `id`,`transactions`.`userid` AS `userid`,`transactions`.`clientid` AS `clientid`,`transactions`.`date` AS `date`,`transactions`.`time` AS `time`,`transactions`.`state` AS `state`,`transactions`.`itemslist` AS `itemslist`,`transactions`.`terminalnum` AS `terminalnum`,`transactions`.`itemcount` AS `itemcount` from `transactions` where ((`transactions`.`state` = 1) and (`transactions`.`type` = 1) and (`transactions`.`itemcount` > 0)) order by `transactions`.`id` */;
/*!50001 SET character_set_client      = @saved_cs_client */;
/*!50001 SET character_set_results     = @saved_cs_results */;
/*!50001 SET collation_connection      = @saved_col_connection */;

--
-- Final view structure for view `v_transactionitems`
--

/*!50001 DROP TABLE IF EXISTS `v_transactionitems`*/;
/*!50001 DROP VIEW IF EXISTS `v_transactionitems`*/;
/*!50001 SET @saved_cs_client          = @@character_set_client */;
/*!50001 SET @saved_cs_results         = @@character_set_results */;
/*!50001 SET @saved_col_connection     = @@collation_connection */;
/*!50001 SET character_set_client      = utf8 */;
/*!50001 SET character_set_results     = utf8 */;
/*!50001 SET collation_connection      = utf8_general_ci */;
/*!50001 CREATE ALGORITHM=UNDEFINED */
/*!50013 DEFINER=`root`@`localhost` SQL SECURITY DEFINER */
/*!50001 VIEW `v_transactionitems` AS select concat(date_format(`t`.`date`,'%d/%m/%Y'),' ',time_format(`t`.`time`,'%H:%i')) AS `datetime`,`t`.`id` AS `id`,`ti`.`points` AS `points`,`ti`.`name` AS `name`,`ti`.`price` AS `price`,`ti`.`disc` AS `disc`,`ti`.`total` AS `total`,`t`.`clientid` AS `clientid`,`t`.`userid` AS `userid`,`t`.`date` AS `date`,`t`.`time` AS `time`,`ti`.`position` AS `position`,`ti`.`product_id` AS `product_id`,`ti`.`cost` AS `cost` from (`transactions` `t` join `transactionitems` `ti`) where ((`t`.`id` = `ti`.`transaction_id`) and (`t`.`type` = 1) and (`t`.`state` = 2)) */;
/*!50001 SET character_set_client      = @saved_cs_client */;
/*!50001 SET character_set_results     = @saved_cs_results */;
/*!50001 SET collation_connection      = @saved_col_connection */;

--
-- Final view structure for view `v_transactions`
--

/*!50001 DROP TABLE IF EXISTS `v_transactions`*/;
/*!50001 DROP VIEW IF EXISTS `v_transactions`*/;
/*!50001 SET @saved_cs_client          = @@character_set_client */;
/*!50001 SET @saved_cs_results         = @@character_set_results */;
/*!50001 SET @saved_col_connection     = @@collation_connection */;
/*!50001 SET character_set_client      = utf8 */;
/*!50001 SET character_set_results     = utf8 */;
/*!50001 SET collation_connection      = utf8_general_ci */;
/*!50001 CREATE ALGORITHM=UNDEFINED */
/*!50013 DEFINER=`root`@`localhost` SQL SECURITY DEFINER */
/*!50001 VIEW `v_transactions` AS select concat(date_format(`t`.`date`,'%d/%m/%Y'),' ',time_format(`t`.`time`,'%H:%i')) AS `datetime`,`t`.`id` AS `id`,`t`.`clientid` AS `clientid`,`t`.`userid` AS `userid`,`t`.`itemcount` AS `itemcount`,`t`.`disc` AS `disc`,`t`.`amount` AS `amount`,`t`.`date` AS `date` from `transactions` `t` where ((`t`.`type` = 1) and (`t`.`state` = 2)) order by concat(date_format(`t`.`date`,'%d/%m/%Y'),' ',time_format(`t`.`time`,'%H:%i')) */;
/*!50001 SET character_set_client      = @saved_cs_client */;
/*!50001 SET character_set_results     = @saved_cs_results */;
/*!50001 SET collation_connection      = @saved_col_connection */;

--
-- Final view structure for view `v_transactionsbydate`
--

/*!50001 DROP TABLE IF EXISTS `v_transactionsbydate`*/;
/*!50001 DROP VIEW IF EXISTS `v_transactionsbydate`*/;
/*!50001 SET @saved_cs_client          = @@character_set_client */;
/*!50001 SET @saved_cs_results         = @@character_set_results */;
/*!50001 SET @saved_col_connection     = @@collation_connection */;
/*!50001 SET character_set_client      = utf8 */;
/*!50001 SET character_set_results     = utf8 */;
/*!50001 SET collation_connection      = utf8_general_ci */;
/*!50001 CREATE ALGORITHM=UNDEFINED */
/*!50013 DEFINER=`root`@`localhost` SQL SECURITY DEFINER */
/*!50001 VIEW `v_transactionsbydate` AS select `transactions`.`date` AS `date`,count(1) AS `transactions`,sum(`transactions`.`itemcount`) AS `items`,sum(`transactions`.`amount`) AS `total` from `transactions` where ((`transactions`.`type` = 1) and (`transactions`.`itemcount` > 0) and (`transactions`.`state` = 2)) group by `transactions`.`date` */;
/*!50001 SET character_set_client      = @saved_cs_client */;
/*!50001 SET character_set_results     = @saved_cs_results */;
/*!50001 SET collation_connection      = @saved_col_connection */;
/*!40103 SET TIME_ZONE=@OLD_TIME_ZONE */;

/*!40101 SET SQL_MODE=@OLD_SQL_MODE */;
/*!40014 SET FOREIGN_KEY_CHECKS=@OLD_FOREIGN_KEY_CHECKS */;
/*!40014 SET UNIQUE_CHECKS=@OLD_UNIQUE_CHECKS */;
/*!40101 SET CHARACTER_SET_CLIENT=@OLD_CHARACTER_SET_CLIENT */;
/*!40101 SET CHARACTER_SET_RESULTS=@OLD_CHARACTER_SET_RESULTS */;
/*!40101 SET COLLATION_CONNECTION=@OLD_COLLATION_CONNECTION */;
/*!40111 SET SQL_NOTES=@OLD_SQL_NOTES */;

-- Dump completed on 2016-01-19 15:38:30
