-- MySQL dump 10.13  Distrib 5.5.43, for debian-linux-gnu (x86_64)
--
-- Host: localhost    Database: iotposdb
-- ------------------------------------------------------
-- Server version	5.5.43-0ubuntu0.14.04.1

/*!40101 SET @OLD_CHARACTER_SET_CLIENT=@@CHARACTER_SET_CLIENT */;
/*!40101 SET @OLD_CHARACTER_SET_RESULTS=@@CHARACTER_SET_RESULTS */;
/*!40101 SET @OLD_COLLATION_CONNECTION=@@COLLATION_CONNECTION */;
/*!40101 SET NAMES utf8 */;
/*!40103 SET @OLD_TIME_ZONE=@@TIME_ZONE */;
/*!40103 SET TIME_ZONE='+00:00' */;
/*!40014 SET @OLD_UNIQUE_CHECKS=@@UNIQUE_CHECKS, UNIQUE_CHECKS=0 */;
/*!40014 SET @OLD_FOREIGN_KEY_CHECKS=@@FOREIGN_KEY_CHECKS, FOREIGN_KEY_CHECKS=0 */;
/*!40101 SET @OLD_SQL_MODE=@@SQL_MODE, SQL_MODE='NO_AUTO_VALUE_ON_ZERO' */;
/*!40111 SET @OLD_SQL_NOTES=@@SQL_NOTES, SQL_NOTES=0 */;

--
-- Table structure for table `balances`
--

DROP TABLE IF EXISTS `balances`;
/*!40101 SET @saved_cs_client     = @@character_set_client */;
/*!40101 SET character_set_client = utf8 */;
CREATE TABLE `balances` (
  `id` bigint(20) unsigned NOT NULL AUTO_INCREMENT,
  `datetime_start` datetime NOT NULL DEFAULT '2009-01-01 00:00:00',
  `datetime_end` datetime NOT NULL DEFAULT '2009-01-01 00:00:00',
  `userid` bigint(20) unsigned NOT NULL,
  `usern` varchar(50) NOT NULL,
  `initamount` double NOT NULL,
  `in` double NOT NULL,
  `out` double NOT NULL,
  `cash` double NOT NULL,
  `card` double NOT NULL,
  `transactions` varchar(1000) NOT NULL,
  `terminalnum` bigint(20) unsigned NOT NULL,
  `cashflows` varchar(1000) DEFAULT '',
  `done` tinyint(1) NOT NULL DEFAULT '0',
  PRIMARY KEY (`id`),
  KEY `SEC` (`datetime_start`,`datetime_end`,`userid`)
) ENGINE=MyISAM AUTO_INCREMENT=25 DEFAULT CHARSET=utf8;
/*!40101 SET character_set_client = @saved_cs_client */;

--
-- Dumping data for table `balances`
--

LOCK TABLES `balances` WRITE;
/*!40000 ALTER TABLE `balances` DISABLE KEYS */;
INSERT INTO `balances` VALUES (1,'2016-01-16 09:18:35','2016-01-16 09:18:35',1,'admin',0,0,0,0,0,'',1,'',0),(2,'2016-01-16 09:34:55','2016-01-16 09:34:55',1,'admin',0,0,0,0,0,'',1,'',0),(3,'2016-01-18 21:51:59','2016-01-18 21:53:57',1,'admin',100,200,0,300,0,'5,6,7',1,NULL,1),(4,'2016-01-19 13:38:41','2016-01-19 13:38:42',1,'admin',100,0,0,100,0,'',1,NULL,0),(5,'2016-01-20 10:43:42','2016-01-20 10:44:42',1,'admin',100,0,0,100,0,'',1,NULL,1),(6,'2016-01-20 12:33:59','2016-01-20 12:33:59',1,'admin',0,0,0,0,0,'',1,'',0),(7,'2016-01-20 12:39:47','2016-01-20 12:41:33',1,'admin',100,80,0,180,0,'11',1,NULL,1),(8,'2016-01-20 12:45:47','2016-01-20 12:46:29',1,'admin',100,0,0,100,0,'',1,NULL,1),(9,'2016-01-20 12:49:16','2016-01-20 12:49:27',1,'admin',100,0,0,100,0,'',1,NULL,1),(10,'2016-01-20 12:49:51','2016-01-20 12:50:17',1,'admin',100,0,0,100,0,'',1,NULL,1),(11,'2016-01-20 12:50:36','2016-01-20 12:51:50',1,'admin',100,0,0,100,0,'',1,NULL,1),(12,'2016-01-21 12:00:26','2016-01-21 12:00:37',1,'admin',100,0,0,100,0,'',1,NULL,1),(13,'2016-01-21 12:22:52','2016-01-21 12:24:17',1,'admin',100,0,0,100,0,'',1,NULL,1),(14,'2016-01-21 12:40:34','2016-01-21 12:40:56',1,'admin',100,0,0,100,0,'',1,NULL,1),(15,'2016-01-21 13:46:30','2016-01-21 13:47:27',1,'admin',100,120,0,220,0,'20',1,NULL,1),(16,'2016-01-21 13:57:40','2016-01-21 14:16:10',1,'admin',100,0,0,100,0,'',1,NULL,1),(17,'2016-01-21 14:01:42','2016-01-21 14:07:54',1,'admin',100,0,0,100,0,'',1,NULL,1),(18,'2016-01-21 14:02:47','2016-01-21 14:07:43',1,'admin',100,0,0,100,0,'',1,NULL,1),(19,'2016-01-21 14:04:35','2016-01-21 14:07:34',1,'admin',100,0,0,100,0,'',1,NULL,1),(20,'2016-01-21 14:05:42','2016-01-21 14:07:48',1,'admin',100,0,0,100,0,'',1,NULL,1),(21,'2016-01-21 14:07:01','2016-01-21 14:07:40',1,'admin',100,0,0,100,0,'',1,NULL,1),(22,'2016-01-21 20:32:33','2016-01-21 20:32:53',1,'admin',100,0,0,100,0,'',1,NULL,1),(23,'2016-01-24 22:25:31','2016-01-24 22:26:24',1,'admin',100,0,0,100,0,'',1,NULL,1),(24,'2016-01-25 13:07:48','2016-01-25 13:08:28',1,'admin',100,80,0,180,0,'33',1,NULL,1);
/*!40000 ALTER TABLE `balances` ENABLE KEYS */;
UNLOCK TABLES;

--
-- Table structure for table `bool_values`
--

DROP TABLE IF EXISTS `bool_values`;
/*!40101 SET @saved_cs_client     = @@character_set_client */;
/*!40101 SET character_set_client = utf8 */;
CREATE TABLE `bool_values` (
  `id` int(10) unsigned NOT NULL DEFAULT '0',
  `text` varchar(50) NOT NULL,
  PRIMARY KEY (`id`)
) ENGINE=MyISAM DEFAULT CHARSET=utf8;
/*!40101 SET character_set_client = @saved_cs_client */;

--
-- Dumping data for table `bool_values`
--

LOCK TABLES `bool_values` WRITE;
/*!40000 ALTER TABLE `bool_values` DISABLE KEYS */;
INSERT INTO `bool_values` VALUES (0,'NO'),(1,'YES');
/*!40000 ALTER TABLE `bool_values` ENABLE KEYS */;
UNLOCK TABLES;

--
-- Table structure for table `bundle_same`
--

DROP TABLE IF EXISTS `bundle_same`;
/*!40101 SET @saved_cs_client     = @@character_set_client */;
/*!40101 SET character_set_client = utf8 */;
CREATE TABLE `bundle_same` (
  `id` bigint(20) unsigned NOT NULL AUTO_INCREMENT,
  `product_id` bigint(20) unsigned NOT NULL,
  `qty` double NOT NULL DEFAULT '2',
  `price` double NOT NULL DEFAULT '2',
  PRIMARY KEY (`id`),
  KEY `SEC` (`product_id`,`qty`)
) ENGINE=MyISAM DEFAULT CHARSET=utf8;
/*!40101 SET character_set_client = @saved_cs_client */;

--
-- Dumping data for table `bundle_same`
--

LOCK TABLES `bundle_same` WRITE;
/*!40000 ALTER TABLE `bundle_same` DISABLE KEYS */;
/*!40000 ALTER TABLE `bundle_same` ENABLE KEYS */;
UNLOCK TABLES;

--
-- Table structure for table `cardtypes`
--

DROP TABLE IF EXISTS `cardtypes`;
/*!40101 SET @saved_cs_client     = @@character_set_client */;
/*!40101 SET character_set_client = utf8 */;
CREATE TABLE `cardtypes` (
  `typeid` int(10) unsigned NOT NULL AUTO_INCREMENT,
  `text` varchar(50) NOT NULL,
  PRIMARY KEY (`typeid`)
) ENGINE=MyISAM AUTO_INCREMENT=6 DEFAULT CHARSET=utf8;
/*!40101 SET character_set_client = @saved_cs_client */;

--
-- Dumping data for table `cardtypes`
--

LOCK TABLES `cardtypes` WRITE;
/*!40000 ALTER TABLE `cardtypes` DISABLE KEYS */;
INSERT INTO `cardtypes` VALUES (1,'None'),(2,'Credit VISA'),(3,'Credit MC'),(4,'Debit VISA'),(5,'Debit MC');
/*!40000 ALTER TABLE `cardtypes` ENABLE KEYS */;
UNLOCK TABLES;

--
-- Table structure for table `cashflow`
--

DROP TABLE IF EXISTS `cashflow`;
/*!40101 SET @saved_cs_client     = @@character_set_client */;
/*!40101 SET character_set_client = utf8 */;
CREATE TABLE `cashflow` (
  `id` bigint(20) unsigned NOT NULL AUTO_INCREMENT,
  `type` smallint(5) unsigned NOT NULL DEFAULT '1',
  `userid` bigint(20) NOT NULL DEFAULT '1',
  `reason` varchar(255) DEFAULT '',
  `amount` double unsigned NOT NULL DEFAULT '0',
  `date` date NOT NULL DEFAULT '2009-01-01',
  `time` time NOT NULL DEFAULT '00:00:00',
  `terminalnum` int(10) unsigned NOT NULL DEFAULT '1',
  PRIMARY KEY (`id`),
  KEY `SEC` (`date`,`time`,`type`,`userid`)
) ENGINE=MyISAM DEFAULT CHARSET=utf8;
/*!40101 SET character_set_client = @saved_cs_client */;

--
-- Dumping data for table `cashflow`
--

LOCK TABLES `cashflow` WRITE;
/*!40000 ALTER TABLE `cashflow` DISABLE KEYS */;
/*!40000 ALTER TABLE `cashflow` ENABLE KEYS */;
UNLOCK TABLES;

--
-- Table structure for table `cashflowtypes`
--

DROP TABLE IF EXISTS `cashflowtypes`;
/*!40101 SET @saved_cs_client     = @@character_set_client */;
/*!40101 SET character_set_client = utf8 */;
CREATE TABLE `cashflowtypes` (
  `typeid` int(10) unsigned NOT NULL AUTO_INCREMENT,
  `text` varchar(50) NOT NULL,
  PRIMARY KEY (`typeid`)
) ENGINE=MyISAM AUTO_INCREMENT=9 DEFAULT CHARSET=utf8;
/*!40101 SET character_set_client = @saved_cs_client */;

--
-- Dumping data for table `cashflowtypes`
--

LOCK TABLES `cashflowtypes` WRITE;
/*!40000 ALTER TABLE `cashflowtypes` DISABLE KEYS */;
INSERT INTO `cashflowtypes` VALUES (1,'Normal cash OUT'),(2,'Money return on ticket cancel'),(3,'Money return on product return'),(4,'Normal Cash IN'),(5,'Cash IN Reservation'),(6,'Cash OUT Reservation'),(7,'Cash IN Credit Payment'),(8,'Cash IN Debit');
/*!40000 ALTER TABLE `cashflowtypes` ENABLE KEYS */;
UNLOCK TABLES;

--
-- Table structure for table `categories`
--

DROP TABLE IF EXISTS `categories`;
/*!40101 SET @saved_cs_client     = @@character_set_client */;
/*!40101 SET character_set_client = utf8 */;
CREATE TABLE `categories` (
  `catid` int(10) unsigned NOT NULL AUTO_INCREMENT,
  `text` varchar(50) NOT NULL,
  PRIMARY KEY (`catid`),
  KEY `SEC` (`text`)
) ENGINE=MyISAM AUTO_INCREMENT=2 DEFAULT CHARSET=utf8;
/*!40101 SET character_set_client = @saved_cs_client */;

--
-- Dumping data for table `categories`
--

LOCK TABLES `categories` WRITE;
/*!40000 ALTER TABLE `categories` DISABLE KEYS */;
INSERT INTO `categories` VALUES (1,'General');
/*!40000 ALTER TABLE `categories` ENABLE KEYS */;
UNLOCK TABLES;

--
-- Table structure for table `clients`
--

DROP TABLE IF EXISTS `clients`;
/*!40101 SET @saved_cs_client     = @@character_set_client */;
/*!40101 SET character_set_client = utf8 */;
CREATE TABLE `clients` (
  `id` bigint(20) unsigned NOT NULL AUTO_INCREMENT,
  `code` varchar(13) DEFAULT '000001',
  `name` varchar(255) DEFAULT '',
  `since` date NOT NULL DEFAULT '2009-01-01',
  `address` varchar(255) DEFAULT NULL,
  `phone` varchar(50) DEFAULT NULL,
  `phone_movil` varchar(50) DEFAULT NULL,
  `points` bigint(20) unsigned DEFAULT '0',
  `discount` double NOT NULL,
  `photo` blob,
  PRIMARY KEY (`id`) USING BTREE
) ENGINE=MyISAM AUTO_INCREMENT=2 DEFAULT CHARSET=utf8;
/*!40101 SET character_set_client = @saved_cs_client */;

--
-- Dumping data for table `clients`
--

LOCK TABLES `clients` WRITE;
/*!40000 ALTER TABLE `clients` DISABLE KEYS */;
INSERT INTO `clients` VALUES (1,'000001','General','2009-01-01',NULL,NULL,NULL,0,0,NULL);
/*!40000 ALTER TABLE `clients` ENABLE KEYS */;
UNLOCK TABLES;

--
-- Table structure for table `config`
--

DROP TABLE IF EXISTS `config`;
/*!40101 SET @saved_cs_client     = @@character_set_client */;
/*!40101 SET character_set_client = utf8 */;
CREATE TABLE `config` (
  `firstrun` varchar(30) NOT NULL,
  `taxIsIncludedInPrice` tinyint(1) NOT NULL DEFAULT '1',
  `storeLogo` blob,
  `storeName` varchar(255) DEFAULT NULL,
  `storeAddress` varchar(255) DEFAULT NULL,
  `storePhone` varchar(100) DEFAULT NULL,
  `logoOnTop` tinyint(1) NOT NULL DEFAULT '1',
  `useCUPS` tinyint(1) NOT NULL DEFAULT '1',
  `smallPrint` tinyint(1) NOT NULL DEFAULT '1',
  `db_version` varchar(10) DEFAULT NULL,
  PRIMARY KEY (`firstrun`)
) ENGINE=MyISAM DEFAULT CHARSET=utf8;
/*!40101 SET character_set_client = @saved_cs_client */;

--
-- Dumping data for table `config`
--

LOCK TABLES `config` WRITE;
/*!40000 ALTER TABLE `config` DISABLE KEYS */;
INSERT INTO `config` VALUES ('yes, it is February 6 1978',0,'','IotPOS Store','','',0,0,1,'0950');
/*!40000 ALTER TABLE `config` ENABLE KEYS */;
UNLOCK TABLES;

--
-- Table structure for table `credit_history`
--

DROP TABLE IF EXISTS `credit_history`;
/*!40101 SET @saved_cs_client     = @@character_set_client */;
/*!40101 SET character_set_client = utf8 */;
CREATE TABLE `credit_history` (
  `id` bigint(20) unsigned NOT NULL AUTO_INCREMENT,
  `customerid` bigint(20) unsigned NOT NULL,
  `saleid` bigint(20) unsigned NOT NULL DEFAULT '0',
  `amount` double NOT NULL DEFAULT '0',
  `date` date NOT NULL,
  `time` time NOT NULL,
  PRIMARY KEY (`id`),
  KEY `SEC` (`customerid`)
) ENGINE=MyISAM DEFAULT CHARSET=utf8;
/*!40101 SET character_set_client = @saved_cs_client */;

--
-- Dumping data for table `credit_history`
--

LOCK TABLES `credit_history` WRITE;
/*!40000 ALTER TABLE `credit_history` DISABLE KEYS */;
/*!40000 ALTER TABLE `credit_history` ENABLE KEYS */;
UNLOCK TABLES;

--
-- Table structure for table `credits`
--

DROP TABLE IF EXISTS `credits`;
/*!40101 SET @saved_cs_client     = @@character_set_client */;
/*!40101 SET character_set_client = utf8 */;
CREATE TABLE `credits` (
  `id` bigint(20) unsigned NOT NULL AUTO_INCREMENT,
  `customerid` bigint(20) unsigned NOT NULL,
  `total` double NOT NULL DEFAULT '0',
  PRIMARY KEY (`id`),
  KEY `SEC` (`customerid`)
) ENGINE=MyISAM DEFAULT CHARSET=utf8;
/*!40101 SET character_set_client = @saved_cs_client */;

--
-- Dumping data for table `credits`
--

LOCK TABLES `credits` WRITE;
/*!40000 ALTER TABLE `credits` DISABLE KEYS */;
/*!40000 ALTER TABLE `credits` ENABLE KEYS */;
UNLOCK TABLES;

--
-- Table structure for table `currencies`
--

DROP TABLE IF EXISTS `currencies`;
/*!40101 SET @saved_cs_client     = @@character_set_client */;
/*!40101 SET character_set_client = utf8 */;
CREATE TABLE `currencies` (
  `id` bigint(20) unsigned NOT NULL AUTO_INCREMENT,
  `name` varchar(512) DEFAULT NULL,
  `factor` double NOT NULL DEFAULT '1',
  PRIMARY KEY (`id`)
) ENGINE=MyISAM DEFAULT CHARSET=utf8;
/*!40101 SET character_set_client = @saved_cs_client */;

--
-- Dumping data for table `currencies`
--

LOCK TABLES `currencies` WRITE;
/*!40000 ALTER TABLE `currencies` DISABLE KEYS */;
/*!40000 ALTER TABLE `currencies` ENABLE KEYS */;
UNLOCK TABLES;

--
-- Table structure for table `departments`
--

DROP TABLE IF EXISTS `departments`;
/*!40101 SET @saved_cs_client     = @@character_set_client */;
/*!40101 SET character_set_client = utf8 */;
CREATE TABLE `departments` (
  `id` int(10) unsigned NOT NULL AUTO_INCREMENT,
  `text` varchar(50) NOT NULL,
  PRIMARY KEY (`id`)
) ENGINE=MyISAM AUTO_INCREMENT=2 DEFAULT CHARSET=utf8;
/*!40101 SET character_set_client = @saved_cs_client */;

--
-- Dumping data for table `departments`
--

LOCK TABLES `departments` WRITE;
/*!40000 ALTER TABLE `departments` DISABLE KEYS */;
INSERT INTO `departments` VALUES (1,'General');
/*!40000 ALTER TABLE `departments` ENABLE KEYS */;
UNLOCK TABLES;

--
-- Table structure for table `facturas_cbb`
--

DROP TABLE IF EXISTS `facturas_cbb`;
/*!40101 SET @saved_cs_client     = @@character_set_client */;
/*!40101 SET character_set_client = utf8 */;
CREATE TABLE `facturas_cbb` (
  `fecha` date NOT NULL DEFAULT '2012-01-01',
  `folio` varchar(100) NOT NULL,
  `folio_num_autorizacion` varchar(100) NOT NULL,
  `folio_fecha_autorizacion` date NOT NULL,
  `valida` tinyint(1) NOT NULL DEFAULT '1',
  `nombre_cliente` varchar(100) DEFAULT '',
  `rfc_cliente` varchar(100) DEFAULT '',
  `direccion_cliente` varchar(255) DEFAULT '',
  `transaction_id` bigint(20) unsigned NOT NULL DEFAULT '0',
  `subtotal` double unsigned NOT NULL DEFAULT '0',
  `impuestos` double unsigned NOT NULL DEFAULT '0',
  `impuestos_tasa` double unsigned NOT NULL DEFAULT '0',
  `descuentos` double unsigned NOT NULL DEFAULT '0',
  `total` double unsigned NOT NULL DEFAULT '0',
  PRIMARY KEY (`folio`),
  KEY `SEC` (`nombre_cliente`,`rfc_cliente`,`valida`,`fecha`)
) ENGINE=MyISAM DEFAULT CHARSET=utf8;
/*!40101 SET character_set_client = @saved_cs_client */;

--
-- Dumping data for table `facturas_cbb`
--

LOCK TABLES `facturas_cbb` WRITE;
/*!40000 ALTER TABLE `facturas_cbb` DISABLE KEYS */;
/*!40000 ALTER TABLE `facturas_cbb` ENABLE KEYS */;
UNLOCK TABLES;

--
-- Table structure for table `folios_cbb`
--

DROP TABLE IF EXISTS `folios_cbb`;
/*!40101 SET @saved_cs_client     = @@character_set_client */;
/*!40101 SET character_set_client = utf8 */;
CREATE TABLE `folios_cbb` (
  `id` bigint(20) unsigned NOT NULL AUTO_INCREMENT,
  `pool_id` varchar(100) NOT NULL,
  `numero` varchar(100) NOT NULL,
  `usado` tinyint(1) NOT NULL DEFAULT '1',
  `valido` tinyint(1) NOT NULL DEFAULT '1',
  PRIMARY KEY (`id`,`numero`),
  UNIQUE KEY `numero` (`numero`),
  KEY `SEC` (`pool_id`,`usado`,`valido`)
) ENGINE=MyISAM DEFAULT CHARSET=utf8;
/*!40101 SET character_set_client = @saved_cs_client */;

--
-- Dumping data for table `folios_cbb`
--

LOCK TABLES `folios_cbb` WRITE;
/*!40000 ALTER TABLE `folios_cbb` DISABLE KEYS */;
/*!40000 ALTER TABLE `folios_cbb` ENABLE KEYS */;
UNLOCK TABLES;

--
-- Table structure for table `folios_pool`
--

DROP TABLE IF EXISTS `folios_pool`;
/*!40101 SET @saved_cs_client     = @@character_set_client */;
/*!40101 SET character_set_client = utf8 */;
CREATE TABLE `folios_pool` (
  `id` bigint(20) unsigned NOT NULL AUTO_INCREMENT,
  `fecha_aprobacion` date NOT NULL,
  `num_aprobacion` varchar(100) NOT NULL,
  `folio_inicial` varchar(100) NOT NULL,
  `folio_final` varchar(100) NOT NULL,
  `cbb` blob,
  `cantidad` bigint(10) unsigned NOT NULL DEFAULT '0',
  PRIMARY KEY (`id`,`num_aprobacion`),
  UNIQUE KEY `num_aprobacion` (`num_aprobacion`),
  KEY `SEC` (`fecha_aprobacion`,`num_aprobacion`)
) ENGINE=MyISAM DEFAULT CHARSET=utf8;
/*!40101 SET character_set_client = @saved_cs_client */;

--
-- Dumping data for table `folios_pool`
--

LOCK TABLES `folios_pool` WRITE;
/*!40000 ALTER TABLE `folios_pool` DISABLE KEYS */;
/*!40000 ALTER TABLE `folios_pool` ENABLE KEYS */;
UNLOCK TABLES;

--
-- Table structure for table `logs`
--

DROP TABLE IF EXISTS `logs`;
/*!40101 SET @saved_cs_client     = @@character_set_client */;
/*!40101 SET character_set_client = utf8 */;
CREATE TABLE `logs` (
  `id` bigint(20) unsigned NOT NULL AUTO_INCREMENT,
  `userid` bigint(20) unsigned NOT NULL,
  `date` varchar(20) NOT NULL DEFAULT '2009-01-01',
  `time` varchar(20) NOT NULL DEFAULT '00:00',
  `action` varchar(512) NOT NULL,
  PRIMARY KEY (`id`)
) ENGINE=MyISAM AUTO_INCREMENT=30 DEFAULT CHARSET=utf8;
/*!40101 SET character_set_client = @saved_cs_client */;

--
-- Dumping data for table `logs`
--

LOCK TABLES `logs` WRITE;
/*!40000 ALTER TABLE `logs` DISABLE KEYS */;
INSERT INTO `logs` VALUES (1,1,'2016-01-16','09:28','[SQUEEZE] Purchase #1 - 100 x Herashey bar (1234567890123)'),(2,1,'2016-01-16','09:29','[SQUEEZE] Purchase #2 - 1000 x Doritos Nacho (1234567890124)'),(3,1,'2016-01-16','09:30','[SQUEEZE] Purchase #3 - 1000 x Coca Cola (1234567890125)'),(4,1,'2016-01-16','09:34','[SQUEEZE] Purchase #4 - 1 x Paq 1 (1234567890126)'),(5,1,'2016-01-18','21:51','[ IOTPOS ] Operaciones iniciadas por Administrator en terminal 1'),(6,1,'2016-01-19','13:38','[ IOTPOS ] Operaciones iniciadas por Administrator en terminal 1'),(7,1,'2016-01-20','10:43','[ IOTPOS ] Operaciones iniciadas por Administrator en terminal 1'),(8,1,'2016-01-20','12:39','[ IOTPOS ] Operaciones iniciadas por Administrator en terminal 1'),(9,1,'2016-01-20','12:45','[ IOTPOS ] Operaciones iniciadas por Administrator en terminal 1'),(10,1,'2016-01-20','12:49','[ IOTPOS ] Operaciones iniciadas por Administrator en terminal 1'),(11,1,'2016-01-20','12:49','[ IOTPOS ] Operaciones iniciadas por Administrator en terminal 1'),(12,1,'2016-01-20','12:50','[ IOTPOS ] Operaciones iniciadas por Administrator en terminal 1'),(13,1,'2016-01-21','12:00','[ IOTPOS ] Operaciones iniciadas por Administrator en terminal 1'),(14,1,'2016-01-21','12:22','[ IOTPOS ] Operaciones iniciadas por Administrator en terminal 1'),(15,1,'2016-01-21','12:40','[ IOTPOS ] Operaciones iniciadas por Administrator en terminal 1'),(16,1,'2016-01-21','13:46','[ IOTPOS ] Operaciones iniciadas por Administrator en terminal 1'),(17,1,'2016-01-21','13:56','[IOTSTOCK] Purchase #22 - 100 x Raw (1,234,567,890,127)'),(18,1,'2016-01-21','13:56','[IOTSTOCK] Purchase #23 - 0 x Unlimited (1,234,567,890,128)'),(19,1,'2016-01-21','13:57','[ IOTPOS ] Operaciones iniciadas por Administrator en terminal 1'),(20,1,'2016-01-21','14:01','[ IOTPOS ] Operaciones iniciadas por Administrator en terminal 1'),(21,1,'2016-01-21','14:02','[ IOTPOS ] Operaciones iniciadas por Administrator en terminal 1'),(22,1,'2016-01-21','14:04','[ IOTPOS ] Operaciones iniciadas por Administrator en terminal 1'),(23,1,'2016-01-21','14:05','[ IOTPOS ] Operaciones iniciadas por Administrator en terminal 1'),(24,1,'2016-01-21','14:07','[ IOTPOS ] Operaciones iniciadas por Administrator en terminal 1'),(25,1,'2016-01-21','20:32','[ IOTPOS ] Operation Started by Administrator at terminal 1'),(26,1,'2016-01-24','21:40','[IOTSTOCK] Purchase #31 - 100 x Pretzel (1,234,567,890,129)'),(27,1,'2016-01-24','22:25','[ IOTPOS ] Operation Started by Administrator at terminal 1'),(28,1,'2016-01-25','13:07','[ IOTPOS ] Operation Started by Administrator at terminal 1'),(29,1,'2016-01-25','20:22','[IOTSTOCK] Purchase #35 - 20 x Neon Jelly  (1,234,567,890,130)');
/*!40000 ALTER TABLE `logs` ENABLE KEYS */;
UNLOCK TABLES;

--
-- Table structure for table `m2m_category_subcategory`
--

DROP TABLE IF EXISTS `m2m_category_subcategory`;
/*!40101 SET @saved_cs_client     = @@character_set_client */;
/*!40101 SET character_set_client = utf8 */;
CREATE TABLE `m2m_category_subcategory` (
  `id` int(10) unsigned NOT NULL AUTO_INCREMENT,
  `category` int(10) unsigned DEFAULT '0',
  `subcategory` int(10) unsigned DEFAULT '0',
  PRIMARY KEY (`id`),
  KEY `SEC` (`subcategory`,`category`)
) ENGINE=MyISAM DEFAULT CHARSET=utf8;
/*!40101 SET character_set_client = @saved_cs_client */;

--
-- Dumping data for table `m2m_category_subcategory`
--

LOCK TABLES `m2m_category_subcategory` WRITE;
/*!40000 ALTER TABLE `m2m_category_subcategory` DISABLE KEYS */;
/*!40000 ALTER TABLE `m2m_category_subcategory` ENABLE KEYS */;
UNLOCK TABLES;

--
-- Table structure for table `m2m_department_category`
--

DROP TABLE IF EXISTS `m2m_department_category`;
/*!40101 SET @saved_cs_client     = @@character_set_client */;
/*!40101 SET character_set_client = utf8 */;
CREATE TABLE `m2m_department_category` (
  `id` int(10) unsigned NOT NULL AUTO_INCREMENT,
  `department` int(10) unsigned DEFAULT '0',
  `category` int(10) unsigned DEFAULT '0',
  PRIMARY KEY (`id`),
  KEY `SEC` (`department`,`category`)
) ENGINE=MyISAM DEFAULT CHARSET=utf8;
/*!40101 SET character_set_client = @saved_cs_client */;

--
-- Dumping data for table `m2m_department_category`
--

LOCK TABLES `m2m_department_category` WRITE;
/*!40000 ALTER TABLE `m2m_department_category` DISABLE KEYS */;
/*!40000 ALTER TABLE `m2m_department_category` ENABLE KEYS */;
UNLOCK TABLES;

--
-- Table structure for table `measures`
--

DROP TABLE IF EXISTS `measures`;
/*!40101 SET @saved_cs_client     = @@character_set_client */;
/*!40101 SET character_set_client = utf8 */;
CREATE TABLE `measures` (
  `id` int(10) unsigned NOT NULL AUTO_INCREMENT,
  `text` varchar(50) NOT NULL,
  PRIMARY KEY (`id`)
) ENGINE=MyISAM AUTO_INCREMENT=3 DEFAULT CHARSET=utf8;
/*!40101 SET character_set_client = @saved_cs_client */;

--
-- Dumping data for table `measures`
--

LOCK TABLES `measures` WRITE;
/*!40000 ALTER TABLE `measures` DISABLE KEYS */;
INSERT INTO `measures` VALUES (1,'Pc'),(2,'Kg');
/*!40000 ALTER TABLE `measures` ENABLE KEYS */;
UNLOCK TABLES;

--
-- Table structure for table `offers`
--

DROP TABLE IF EXISTS `offers`;
/*!40101 SET @saved_cs_client     = @@character_set_client */;
/*!40101 SET character_set_client = utf8 */;
CREATE TABLE `offers` (
  `id` bigint(20) unsigned NOT NULL AUTO_INCREMENT,
  `discount` double NOT NULL,
  `datestart` date NOT NULL DEFAULT '2009-01-01',
  `dateend` date NOT NULL DEFAULT '2009-01-01',
  `product_id` bigint(20) unsigned NOT NULL,
  PRIMARY KEY (`id`)
) ENGINE=MyISAM DEFAULT CHARSET=utf8;
/*!40101 SET character_set_client = @saved_cs_client */;

--
-- Dumping data for table `offers`
--

LOCK TABLES `offers` WRITE;
/*!40000 ALTER TABLE `offers` DISABLE KEYS */;
/*!40000 ALTER TABLE `offers` ENABLE KEYS */;
UNLOCK TABLES;

--
-- Table structure for table `paytypes`
--

DROP TABLE IF EXISTS `paytypes`;
/*!40101 SET @saved_cs_client     = @@character_set_client */;
/*!40101 SET character_set_client = utf8 */;
CREATE TABLE `paytypes` (
  `typeid` int(10) unsigned NOT NULL AUTO_INCREMENT,
  `text` varchar(50) NOT NULL,
  PRIMARY KEY (`typeid`)
) ENGINE=MyISAM AUTO_INCREMENT=4 DEFAULT CHARSET=utf8;
/*!40101 SET character_set_client = @saved_cs_client */;

--
-- Dumping data for table `paytypes`
--

LOCK TABLES `paytypes` WRITE;
/*!40000 ALTER TABLE `paytypes` DISABLE KEYS */;
INSERT INTO `paytypes` VALUES (1,'Cash'),(2,'Card'),(3,'Internal Credit');
/*!40000 ALTER TABLE `paytypes` ENABLE KEYS */;
UNLOCK TABLES;

--
-- Table structure for table `products`
--

DROP TABLE IF EXISTS `products`;
/*!40101 SET @saved_cs_client     = @@character_set_client */;
/*!40101 SET character_set_client = utf8 */;
CREATE TABLE `products` (
  `code` bigint(20) unsigned NOT NULL DEFAULT '0',
  `name` varchar(255) NOT NULL DEFAULT 'unknown',
  `price` double unsigned NOT NULL DEFAULT '0',
  `stockqty` double NOT NULL DEFAULT '0',
  `cost` double unsigned NOT NULL DEFAULT '0',
  `soldunits` double unsigned NOT NULL DEFAULT '0',
  `datelastsold` date DEFAULT '2009-01-01',
  `units` int(10) unsigned NOT NULL DEFAULT '0',
  `taxpercentage` double unsigned NOT NULL DEFAULT '15',
  `extrataxes` double unsigned NOT NULL DEFAULT '0',
  `photo` blob,
  `department` int(10) unsigned NOT NULL DEFAULT '1',
  `category` int(10) unsigned NOT NULL DEFAULT '1',
  `subcategory` int(10) unsigned DEFAULT '1',
  `points` int(10) unsigned NOT NULL DEFAULT '0',
  `alphacode` varchar(30) DEFAULT NULL,
  `vendorcode` varchar(30) DEFAULT NULL,
  `lastproviderid` int(10) unsigned NOT NULL DEFAULT '1',
  `isARawProduct` tinyint(1) NOT NULL DEFAULT '0',
  `isAGroup` tinyint(1) NOT NULL DEFAULT '0',
  `groupElements` varchar(1000) DEFAULT '',
  `groupPriceDrop` double unsigned NOT NULL DEFAULT '0',
  `taxmodel` bigint(20) unsigned NOT NULL DEFAULT '1',
  `hasUnlimitedStock` tinyint(1) NOT NULL DEFAULT '0',
  `isNotDiscountable` tinyint(1) NOT NULL DEFAULT '0',
  PRIMARY KEY (`code`),
  KEY `SEC` (`department`,`category`,`subcategory`,`name`,`alphacode`,`vendorcode`)
) ENGINE=MyISAM DEFAULT CHARSET=utf8;
/*!40101 SET character_set_client = @saved_cs_client */;

--
-- Dumping data for table `products`
--

LOCK TABLES `products` WRITE;
/*!40000 ALTER TABLE `products` DISABLE KEYS */;
INSERT INTO `products` VALUES (1234567890123,'Herashey bar',10,88,5,12,'2016-01-25',1,0,0,'PNG\r\n\Z\n\0\0\0\rIHDR\0\0\0R\0\0\06\0\0\0TI\0\0\0sBIT|d\0\0\0	pHYs\0\0\0\0\0\0\0}IDATxiչzY`A#\"(QrAcI4.AePQ8^1zo4Qq0(\"8ꅋJAD43[Rյ?OCS?z>}CЇ)4|`Yy]2gAx+esNR9_`4u\raNm<yꈆ#ll=,WT]Ʃ?}.{0*`ZDdwFJ͈dnQ~Xh\r*\rO=Z\"H_-\0f(iY\0XE0DQ$1Egj\"ݪv;5~\0!$rdP}(Z<J@s̤:)C\'͒7,Hkho %̀;m#3ǁh4 \0ip-2$3i:SIrN]|jYX(3` aʤy2.$F#x4Jv尐ˈP.WGoB^꺄h@cp%L´,4]$Y=n覉޸tP#\0&ΞУmO8wB`Yy@JϚ̀7:`Ԡ#ȱخ򭠌*>8BA oqh(XITʤIgl|&ҹc{\0 iay:\r_ۗ`8@kL\0FL@Z\"%-2w.t,HVQvHQ7\"UԬ.T8kiƩIА:=Y=[?ǲ**b	8b7p30dSo\'\ZiYq/\03ƒduP,\'O%\0Lf>O<<YjW9)2®{usq1#wD+v:U?hӶHetcۮ|s\"QD̝A0\ZoFC!گSM`r,a4&ZWnbBw.%:\rL\nLsʡMC\0;\0\'B[G:vjNi\Z`۶QUP e<$.uvci@Vhl\ZJ~n,MmmKhmIgVs{)\0r>k~{oi2 ~tHW^5aRJ@\0Z.=OJ-h$Q\'oñ|\Z[S]\n*AUk_\09#&Gi{;;z0C!TU%͢fYtH]=y\\Μu\'Swo^!fs{5W͢.Z㞋攈>\"-#\0Nm5~5\0D\"\0wM=O\\\r +q;_PҸ$Qcr[o/HvӑJ1tD7Mivvӣg9G30-抶G8w6zW`u\00HXi8e֐؟HxP4~g{-3[\'k <vZ$ݶ\n;CSEX&uIwG$Y-ΛoӱrV.p܌sI4V4LQ	4<BtgwU:$EgH\Z{,^˗m4\"E(D,=r#tDۨKq$HXO6[L&ґIԸg(Bڭ3kDE-9r1,h^h<ӿ. 5MtnA(%W0eJܶ?[3z\0ϻr$U,hmӢ{\00mŴm\ZDh\"Cy̡]8,mz3E\nx̻QO^S??kq#,#?oQg͟͞xiȲ˹㔳X:2E\0`*r\0H~w^%?\r֩|P)R$S6+&ϛ#^m{4K:|4ix#Ng>\Z%^0\0h\Z9L@@KSzO\"$6o|tB?8\"|]&&ߜzG=bPP!M+#ݕ$D&MP!B̭~ѧ=Ll>K	מptoagv^~OXpƌR\'?&&P׼Kdk1(-\'_B:H5W\ZZU4m1-?jy`;6	\r8=I6#K~Hߓ-8ҐP\ndRr9zf3,LHE>,#OKb>J\r\ZڦP/i[#^YY\\*K+yQHn\rO\\34V:BQ|]$k\r,$p$ʱzH@b1_l|>tuhQ_B:A_uL4˞}m^aȾU)P\\ETOrFX\0p)H@bT[\r=(=J7GoyTzI+\\FXfտΗDkLB^j=rq4UTWk<\\4^\\r?߿l.8KjGEx5oA`#S5tgW}?yǿv!^z\ro}<(-mii[#LɍXv\ZؽcoJD5Lw7^Ώ6/#Fn	\n6%\Z\"x/9e-+\n!\ryYmS\n\'Ξ˓7¦!^;M/.I)ܑGOe>-Jфm]GmE(=bx;7m\'6GhFA#%nɨJ\"]&](4HMUɦU.uҼD\0ۍih\Z	\Zr$_Jt򕗳vyWyy}U^{;N*^ҕdwnqLLehm/\\C\r* W~\"sX=@\"MQP*jhǲy^y%M9+{Q߷5i|^[\'^LLz	=|4lXgMIV/!%\r(UpPM@iTt)d)W]NOW~̷da&zCe\rX(sHzz?c\ZlX7ׁQwN>S~iD0Aȡ\"A(o	GQ%vM\nANcEWj>7쇦DXԗKG69K~|ZBQ-43\Zsg=luyBD%;Pk*\'ͻR77MEEQ#PjFx\ZYAdH6i+JM+׆T\0~-dϖOOHS3}uy-0[޼qV;Ln^g]{OO{;&&[O\'P(uC!WqZ!:[d쪷@ɩ\nMt\\3dhn?nmճ,icxw6|(UJ7x̽W8Hξ\'_W\'ࡻ`^}ᱳa\Z:^{)2X.\0E(%ii;x<БJ0^<O>U/{cĸ#kݘwY#9T鱻ij:GHYUf|^w)Rr7M<s7}F6hLvQ!|&ԅIvdӱe/JV!+ShDpwo&L1gDF3F\'L}F࢛~\'Ou7%d7y.\ZMOg7\'\ZjUB!HL$&w$\\5\'HV8lIr,cN$AHfo\ZvwuVЫ#i`XL:w\ny-g{FwN\'ap|čN&*\rI?>r[^_\Z~4AAHeRi=m*-8,TDOq_(Y\"tҷؑ^N;`	l=\ZGSտްFoÙhE(}	^溂7E?j9\\ޔ	~.o\"܂daK@^i5܀_W6\Zm3\r><v]XX\Ztz/^L{c3o:y~Ew\\STIק6,vDe\ZQZ rJzF?#pQ`Vg\0P0qIp,{篡7. }~@c%F3ZbQ^2/>-p[F0DU6.Sl,~hP>fP+\"͹q}d}7KFE(jy]nv(najY:#$B-2=\Zf_Oe_~QU*FLAcq͎ң|M/lnB\r\r(*HErp2QVjL7hcq;%Wz4(ȐLf7o\0/*\"#1b#b@lE]PC֬2PE2l$/C>}CЇ;XŇ˛\0\0\0\0IENDB`',1,1,1,0,'chocolate','',1,0,0,'',0,1,0,0),(1234567890130,'Neon Jelly ',200,20,100,0,'0000-00-00',2,8,0,'\0JFIF\0\0`\0`\0\0\0C\0		\n\r\Z\Z $.\' \",#(7),01444\'9=82<.342\0C			\r\r2!!22222222222222222222222222222222222222222222222222\0\07\0R\"\0\0\0\0\0\0\0\0\0\0\0\0	\n\0\0\0\0}\0!1AQa\"q2#BR$3br	\n\Z%&\'()*456789:CDEFGHIJSTUVWXYZcdefghijstuvwxyz\0\0\0\0\0\0\0\0	\n\0\0\0w\0!1AQaq\"2B	#3Rbr\n$4%\Z&\'()*56789:CDEFGHIJSTUVWXYZcdefghijstuvwxyz\0\0\0?\0oiwߺǔ\0|v]\\E0\"xf8^=j73[s8D \0J>\"{\rHc7لe^t>d:y}\'Qw廳?=z\'YEV\0O_LEť\0a>\\pt}l,}q?>j/u\Zb$v+4pꪸYu<oWT3U$Ud/	\no!WM<*qw9?ʳM.׉7)\0ת2Iy\n	V\nMum\0#k*c(iM4u]jdkw\0{\"	zcoT4+yo/^[ՄkaP9@8zЌ\'iz#3y֖\"8\ntՓvi^]zt*G\'\Z#=2vd|\'Js$%d70#;xN\0j4K`r\\Rd^2[[+*ϮUy.<Nw1l֊Kظ8q76_yey쥹Zi*WOǎLIrf1\r#dUG\\tH|9g>ְ,\'Viv\'[+U+Vk={-)E.Ɯ%ͱkYWٸ>Ցiq$8XrjYnTИ{gZxj+煡K0qW>/jUiW.;U7,wkob֛5ؽꧦ~yf[^9{i!`\nێ}G^U-zx;%\'l\0]jJE%sÃ.GG=.ϕ{Wyn.0픟,dogE+(6ٮ?zYA|x#f\r\Zr;Yax3|\\<:a\0^kbS&P|k;Փ\n^[W*Mm__ԥ]I\nOcxzy |e2-?faa%ͻ/ _;I:t-\"dڪ:8>\rEB!.f~E1t1(ԤЅPbqYk`Aq\0Z޾~${\nsmު׷/8Qd6?8}m,-OV9?\\%s`H&#<m^ˏSIZ\\B͙¼usxҽ:ڔwZe	-9sTk__?\Z62ZkP #srYSZĹxx9hX.8zҺJvT#((?ָSPHY7K+HrOLL߫ɫb~t./X=:0_~simf\"`X\n	v:mtmr	\0+?K.ak󋒹(#$#ҫB9oS^UOck*tbx(ыs[rK\0\r)$uYV,\n~OS[t`(#O\rB yyd n\'O`q\\ƥ[\"Il׻_\'\Zm]eGCݒѦsc62۬2\0d6H2;Wdg\nM;w~#9Ke`0}IN}V,l>c5-~\0Z槍i}OK.hB>XV}VQ~n0qT?xK8tq\0|+gw\\_s\0#uࠠRUZWDl$?Ñ9~J+<`Tܬ~ckJ~2Z([g<W=բv<8uJ1z#.|;=cݾGi\nJg\0nY{b+ppZwcrkz߃L\"b\n\nz1ƳҞdKE,QڠyOj(q)J3wM=5va`%Mp#01Mg+,7aa=g$Otc68b1+ꣁv3?',1,1,1,0,'','',1,0,0,'',0,1,0,0),(1234567890124,'Doritos Nachos cheese',20,988,10,12,'2016-01-25',1,0,0,'PNG\r\n\Z\n\0\0\0\rIHDR\0\0\09\0\0\0R\0\0\0+|\0\0\0sBIT|d\0\0\0	pHYs\0\0\0\0+\0\0 \0IDATxi]GynvK-KE$lIز$!d x2LBH$e211a	f !6^%ڗVK߾YpnZf♏L={SwM\\<{خ_s׍ϻǿ\0~]{h-[ʝw{v_3{7_?o~M_V_I\'eӦW=pߙۻS=QER<\Z466ǹ El0 ,ҿjO%,VpCk\r\">z8%k(\"JfWb,\'#.YNRZmєJ!AhL\'Y,I)kp^E+szwXAq-0{z֛?y)UI$wmG\0.ȓ%R\n=Zkr\n\ZS/ԡ<ytvrZ4Ё!d!6KZiKT.g)AcOVܼQN$Ԇ\\R\ntC+Ed,(U\n4J)RT- 99R(\0X*O[s!^HrG<VkD\'[\n\rRlB:-t`QH[>#3emu/~j]}_^<Mɱʠ{T\nLX\0iQ4|F笍=\ne46*{֕*DA(궱ф!0Mi\'<#R3Y$.sm2!}#5.rl)\0H\\7e]əMw21AH\rJ(<g*Op	*͐L1H^{6(F2qhVIH<8PNCIY46,G0a\0TWV4&8i;6g/@AXz-ZQ7;$͉yΞFrGl,B\0Q`F$AH}!vKV\n0*WB=*D	ѱm-&0Ƣņ!Y7!>w(/`!P\Zdv9M*(Pw)G}\\3ϣP&G ,FP[Qq\06<\"2ct`QVG@pyV-0@[y\'%CCX\')5dssL!YKC8 \r=ՠ;9Ȼ)4!ELpV\n10PE3*0 e9b ΃5(Z%) (SR-+4G6N,I3!ogc&[Fh%m(kN\0_Rtz\"o0,əyDȻ)ovV	F\n<Fk0 8$0WW_jM`-aـ@c1((\"B@1Z{ħdi3Osl7ӀFRlF#:\rj6Ld	q`	yOTm~\\\n:6<sxZޑQe0[u}50\Z^\'݈\0=h@A!/~loF-PcH~/x\'H#9=\\˙i{Z)$2T1`:Ftsfӄ*{Ϝ_eP5KeT2Tr(*4((*){5@> 9ǐ<#(kL0g|.PdY-ts*o\0;f՝}ò!ɱ֠k\"B#Kz9>r\Zn?Cd2>Y]P3!f13KZ.*A1sx6`ByPh\\3<l8@R9Q%\"	&ḌQpsMCظĻHy}gu^ȀLA&\nY`RB+hM5^k҄ZhE4ūq\nUt<*A`+PHu#~io&D64G1aH\ry C/==KGQ;[SZ\nN)rp=L*\Z4F+hЩ<@G/L1eC	WW~<HsHc#CPQ5 ҚTtZ&PgOu7xݻH}]_c9ޔsYg6Mi;U̐VXzЪ\0QUp0R_UdX\'tG_2yS]J \Z%\n.s̍IXsػm_<{gj<UE?6#I\'~BcAȞ\n_c0H8-\n\nϐAX8f$yc._.A_@@rjf7Anz7&qeGo(\n6YꭐgRT!/\ZkXz-x5~JP9L(CߪS2ȏ+(bzϙ}g0(sݤm<WofH!ϸ~ykĬ$)8D!6,,S(U@`N2gJ-\',ô\"?(U$@md#L\'IØ(Bb\"2t<VM^r	PzKOg\ZQHHb^nDA.B;*XU0{s[cO>sw^.,puߴǎ)xO=o]G!rz\'SbDΎx)xǚD\\Nqjq\0ϡC;ڒzO&.eyFͷSBbK[FŽ,\Zv<E(ˎ ,\r\"%TA_BwS+931b\0&4ŉ[\\pTf\\gBZ]A:5O\'{Rc\"\"?8Bښ24#S|j\"so͍0\nks8^sccK6ur؀vj6[CFlM7\0oIx]ZMD\n|<cG*`vzY/hOW_&[%]EserUxc`(k{/\"\"{7Z^s_uQ,߻xlxm\\*RYe[- Tϭ$_x2vu˥N<ip#X{\0+\\t0Ggdx?>rE}ߝ={-m3(^s8c\'\0HN\rD3㌟=\"aTa4.3I@VA+OzbQ^`K)ͫ_ZR5z	F\0zx7-oUkסc	gflv6|7xfaE~T\r舧ݿ9N[Nz*%,ےap_	hχg?|>;uo7yz?<rz\\pR179!_E;z4_Ėl=Q襝,Nߜ`Lpݯ[VV\'?>C񱛯/N|;k(\0q\'O^ܑi)pY#O3˰\n-.YMc\nSboM\00g:,Fz`lk_w%v&Ox7F\\×zo\"\0lfR);\"efCiEn-|a^N;f\\\07VKRp&.vh(7]?\"=|3wu>rE|;_5;Ͻ4\Z\rb`]h	Y 2ڀrXD,#M3,#2~vluY_B&&S dCAHXb@\rA̠(b発\Z6>݌}~+w\\l%/}?Wrl޶.NSjJZH3&n%Y/VIi8GE$epgsiOR<ܳFH<iJca϶;_e3Ʌ2ygo!V1q*Ks{ZTfdN;9{|//&#T0im9Ʊ{fx<8YBa0/մ:׿7ϯD)E1|\"du!@ZRLd)<#4O\\Ś>ㅱEr2Hl!Dő+DBbCT\"P\ZIwH=)_6ʫ\\h;$~4?k]A)>]\Zf6ť\n&XFEp\"en,\nP`𬨓K*EY|2  4ߜ8Oal@ϥ7G@QiX|ޒ%b$A)UHQWv9A\"ТKš0++r4%m?4H|+a*\0[|ؗ7~7vaPeK̆(F)x^УDxduK8ueA QLHN\\8WDQYtd/ɕʶ\0!<MU\\{.%=GdoJemx_C^n<ɉn}{H~t_#~|W~>t	 !Eb\\6NvEёlB\0 N.r%q?qnz0ｍ<ˎ<	/x>{!޽T;>w| V/ضڐx|aW%J⊐NY^u{2.z<BУV4??݇]WA\rQ|>;va	xKws;Ύ17r\'$}a\"R9Ǐ:5S|KKCUx^a\Zwq?zrAnˬ傛(mm _{?=_x)q|ïRs.%S2Pd	YgYQ\\QyurԂ>.$iyp{\nv9r{5xV_ǃl(W4+ۍ%F3Z1V}Ow~ʠa6wkBnzde{yERڞ\Zy9~$o*q3l*W7v\n}ue\\﹃,|#6	uD?!otfyC4<6d:\"_A!ԚXy\n[4eB/gȅd+Պ3P!\\+\'{sQ!w +lt/-N4(*3>\rTb]{9-^}-~(t`8}<B2hL]!ǁJDR,KBd^,}(֜JelxJ)]`\"=Br}\'r[Y\\Q/º.EP/r1Yp3R\\{$**QFR!o9Һ\'B/\n\n\"E@oVY*X2ȲP҆4)%K\0e(?\"m2qN?\n\\\n!)rbi!x\'A)I\nqdEy\nV7HJwVCsF5Kn[\Z\'iu|Q\ZC4\"hHaK]74d!wB{E%gBgH\\<\\[p^Xf2I?BWWS5Ossn2&CFb{)4!5(\"yh\ne /viE 85Al}MLp&qǚ+2ʰ!D/<`oYE#}tv6QE.]|0RaZ+d\r!|lsq^HR<RhYd4RB	WsjgB48ugr(ngas^\\3KAro-kH7}DW#ghN$1() τKѰ_縆`ш.\0vM3T˙2E@i/`ku!V~-צ\\\ZʵȞ8S̙B#6\ZNv7GסWy\\k+JC)b[hCk:@$|[~Q<Ҝg+eg\ns$ޓ/i[[˄}_w֩]J9}nJd]5Jp%D\Z:OC5~6[d	b]{_>tI.{8x2O<y\02tiyݿ5i6(Tc36*:JiO~j|&`\"OrLSG\ZH}gQ2ܯ?fƧ,QgӔyܓfvgRx±R;:s٤gL=ߝfSMVT9LgrTW}RxxS~\\c9ٲ))3|gP٢TT.yGY61v=:&Ɋd`\0E=Ih\ng(NK9~wl$;;wS3O[̷~/m#ܺ5ωuey,㦫Fn[K\'VOKc9݆̹6^2H&6`!@s`~~e\04,Њ҄J%H<?o7L?V<c-spfͿz<GظF}e7Ij~ܷZķ]C3G+jயwBZGk˪tit1zDҲ\\sOP5ф\Z(4% U>v\0տ\'8`HdrH\'ٗP\r)vdK5GgjJi\r#㌾|3R\'OQi8ոɜ|1,y\"5R%;艨l5@nҚHk¨XP=/5\'Xed8%߮3y5٢->;K_q1jHWb.ؒ\"^o%\Zlqow\"Y;P4L9ǵ	(kC=2߿Ra66\"`-<&{j_\'[tCeid`U/kr}<tiضc=x(O|)֐LzNuj@\\b\0<2;s7`r/4]T,#xj\n:ʼW-)\"j#ypYum;	BCuE5aQh	\"ϙ9g=.1129\\Ǔų&~aEDҡz/hEs.D=`Ϟ9\"IC5az|ecqZ+m`d!C4j㲫#9a͎QӇ\'\'b!bG!42<+{Ӌxi;tJ&X]I꘨/=`r6Ze~4Y\\+Gpy=u>3ϦVk\'pT\n?㑮s!!͋\\z+?6_qB;/Fl!$,#Lv=&$%l*tɃ58q&2`49WW1Xo4mGcQSR1\'t3;y갨 ]f;qdbSGJHH8raY2w??\ZSj_z[wV\")Kl-RH\\	,^\\&`Fa\Z(\\9}a*{HO;edۂT<og9	jzx\\2qy&]p3\':}5 `-鏡m=+wr8=P\"pD\n\"Ed/bh\"b/hEzǡ&_\03r#t0IwXO/;0W8|PO8\n+#|w$\"@jQL\ZYt@hnS\nwӅԳ\0\0zIDAT\0\"풵SɅ_w8r{38|Ii`&\'_b&>F,QR/4\\RȐ^,98x?<b@`Z $ˋOUBD;TZ\"5. ͧ=]TϪ~,/\\W}n]W+5E\rjLn ICI]N9\\h4wŃ<bA\no	<.u\\t8qWs6Zkw}jd)֏}xԢΟ%Ch0S	!2LZmMmffCbfbsg!AŢ\",\'f$l䔛Jb̑\'9I\'IiwR:IJ.\"S0/\"9hx̱ZT(&`&k>?MM#ТZљnQ y52Z.+sau|&\Z\Z($؀-o^B\rkyāJ3-B0{ұP`Aiw۔ᒛs9&}Rd-.TVט;W@RPj/UmUA\Zq\'B2DLȠ(\0*\n`!;erH`;&k&jM>Ͷ	Ab1:5y7er|H/R|r1*Һ}j\Ze\n\Z侈v7:)Tw\\J3ʩԴ%TbtW{\ZT#F\'\Zd#O?d)\"R&\npLtGh~g)`ZL10,9RB%@\riR\"	(vo*iz̚5ov$I={3A|	^E21c_{կ|>ߢ!*-*r}Py0QA+:i{\'I!Ddq\"ˮgT<E-MM6g-]+_>x\01(c>mMM10\nUљS\nH\'P\r	/NЩwPe!17`+Rx Da=~!SL?kxAM7NU\0U?GNB\r:+ŰiK٬[<T\Z*Elk7YU);O\'ϱR.q=Ǧ{r.$ݔFͩzrnJ8Eimf..)DQ6mۄկzwCy?y#zN?}(>%BX[eyNUkS+uq 877Oh4AD˹\\@ɜ$@][ƼVMUDw]Npsx;Ϧr̫ZA(6h\'4|lrĻ)*\nj8UEdAG2/8UQZtLBtEAm9\ZΗzza[aHZ1%B-bVh%	ˌϱM\\Nl,2ј <e;p?{ݻn<ɒ7+l\n\'ϧ箝o]{\"e1/|pϏ~׮]\'k\'׆RJ6[D\0\0\0\0IENDB`',1,1,1,0,'','',1,0,0,'',0,1,0,0),(1234567890125,'Coca Cola',10,988,5,12,'2016-01-25',1,0,0,'PNG\r\n\Z\n\0\0\0\rIHDR\0\0\0R\0\0\0R\0\0\0,\0\0\0sBIT|d\0\0\0	pHYs\0\0\0\0+\0\0IDATx{U?VuLSOH2\naPuA E!\\ydu=+tJ@u&!1!H)!\00aHdz23]{[U=3jN~sj֭[u׽UG#{d쑑!b8.d][[ѣ%8|^\nbuQJBk\r\Z5J) u]<xH),\'z<<}\"ZDUM\rA&M&Gy壔HYW@HJk̵PZcY_?\'-\'||<ydRcFEh՝QpU@4\Z2DDhMZH\0\'Jq9`w.cmϱ_GrŜ˲HY6BHjĵ,v\nķOk@c4hH\n -)mN3SNS6c餻LgͲKFz$@ шp8!B`I%%ZR@#\0s)B - y)%^o/\0[@J}\r~(ƗJ!UP56ndV\nKk:\n(Rh2mB*=57Y$@1&$,=cO(=Dc+_߉t=\"<yEx.VŊ|険c.c]g:4WJ#}Ӧ3Y}퀔T*?@J(eys9%<}YZ&ЕFiM\"fl\n|A1F{NL*n+Fَ[(\"qqE\0FBP)zX;LBPp\nEbq\03uX$/pQGw&Hado.wIo&cAia>T\Z|LsNwK}	ӚrL1}YַyWw0w4y)@X>\0=hGzpѽy.w\'Had\'G1C!Bbz{r e+._J_Ogw\0v\Z}ݹx=e\nΛkM/py9#?C_BOjZoG=xuGP\'X2%$i!H--۸:>9u:\nnk]otxQLw1ױh|\0YC.SN767XBW9hg@V\Z+i,K\nR*Y=TYa\'\0^0u#\0z浵~\0\\u?\Z[zFOSw`)_J8[ʍ(lvv4\0nWZ31\\ƢKmRk\"ff(tgꀐ۶:4/˾˚s(k_ZD0`^ՁD	\0WTr\06Nc*I\'ŗ\0懀-\Z_)wށFsGft<|NGHLXx=JagyC%S\0e$\ZM\"aW]ͷ@@MK-}\0\0YU@=]$1 +J]Yy$w7N^J:2:yp_]\"LE:rۆ\rXIabԤ$1 o[Nu\0<|QqrҮ45\'}gЀ<̻\Zhv޾w˰$v\rk\'=\0[EYq;\'0z`)LGT9\r\r@c}=KHMNU@?r(W	ͽr;/r+\0❴)$²M4-Zma%˙hr3\0_o+45Uf|\0^4wO\'% -$4L&l[:v8\0Th?7z\09h^&ƝtR`I0=_}y\"&бϣ]#mۈL&va2#\nlkO:_z!Gko\0xO|yXVY_KHl)y\'P)@kȏlO\Z?hxb?;)C&#MXR>FA%Dudt*`QC㘛n\0!?@HYo6j\'V7ih߲%fq͜gc/E\0뮹~CF54\rxs6sOBhhK!c[\n\'|K%,Nnlʳ3hO85\Z/4|g<\\Kn~f-W\r[W_ʆFFmL-gf.\rEAauSSS-`+SNG֔qUW+J?PlT3jK$B(\rdW&\Z3/|ˬ\r*.I94mmaUgcC;~3KW6N}-֣S[bk]K)ؗʢ\\$e)>aX6`yäW;6Րu\ZY՘#n!fw%Q{<T!H/+ci˸go%u,k`\'ϙQF4}V6\rN>73,v)_)Ҕ8p/nᾺFp~Ǧʾ6CJbhlj\Z)lHM!OZZWeC\ZZvAb+ּ̳4^q9QZh/Y#=zE% ǝu&*3_3_	yexarN*l~\ZԬS$)\0)`#U-qˊr3SoL9Wo漣O3YaY\02J%nl\\%<;9C6G7T% uPȂ&\\9L?C0T[7N	F\n}#uQ*	GrYm-<p\\쐑0Myв6JHF\0-H\'ĀԅJG۩!؃at33]vu@IȓqpwE;E.V\\=ֲ̖FY\ZhZfeكtmYܡ}{\ru7k_OȤ;;X7[rn{+M<>s6\0fˤ<CE/Pw  (:bUWS\0ёǮX6Lzp ~\\ª{wo{$ m-eCXӡʔ6!af>\0X,hKLc\"jjחIs}OVQ1\rَ:\\W_,1BC՞ٺYe\r}2&ydCaYDsC_rƫ/yf~@ )F-K:r(CsC|i9s[\\em]C_tRiلud\"ڎ`B=wi9UքFce$<kNOtf\Z\r]KBݒ\0ˁ;8̶j8_Ls}ĬD1߿zRum+BhW|V(p0YCuIžyƹsr?G3F&>2 [#>YYY|ϧ\\vJ \Z eXПEz0u(>ʬVΛ=(L|@YL4?Ҷa}<$\0\r|y+>,4}˜Vd:^-DFRDҎD6ozXs}S=Z35ffSToiyE#qhU?ֵO|h@*Q}}	J@rYS|8kMCg\\_k%V6U]8]`LdhXekrV|ށ\Zp󞋄g^0 bƿelxuȺZk<KxCl^-RiFew_.M_>^ϯx`P;;A@dYHnyѵ4ͻO?L\Z\rJ=RHd8.F*V\ZddA}7o\0E\n3Ľ0NzII\'nRT}~bL8ga`)&Vz(&\\b\"y([\0%h@	TUy4о:ѥk\r}}HƳmm\'6Qt\niY @*e桕Nf2EK\n\ZFGdA>mYtJ)f$\Z$O۴Q:js&s&?\rBA\0Zq̫g錉f!?bGO?Cn\0{^gg:wI[fhi\0JV(a)6:ե~+u&\\7/&H{ꩧ6kwޡq`VV	\"(42[߽aj\nۇ,._=7o5ʪ{oq3vX2۶mcժU.[MH$\rj)tz~رc)\nR)vA?ຮ1RR8{S,}d;v,lT*RB@OɕlmooXx);qƍ:ul6]t87]Hbt\Zg~%Kl۟=`3\nt;@\n ~ư4KfG֎,&JD vxqm===o>.P@?Їr;~1b,yp\Z^15^LA=7>P<δ%-d땿b	xYxM=e\nC?l2@~};P{djE%v\0\0\0\0IENDB`',1,1,1,0,'','',1,0,0,'',0,1,0,0),(1234567890126,'Paq 1',40,1,20,0,'0000-00-00',1,0,0,'PNG\r\n\Z\n\0\0\0\rIHDR\0\0\0\0\0\0\0\0\05ј\0\0\0sBIT|d\0\0\0	pHYs\0\0\0\0od\0\0 \0IDATxםnqաj3Q	K،x؁g`n1\r4	G6\Zz\\!+q;:Rli5vb)d;\ZiDΌ93fWdrj\\}cr{{z~.}fԏW\'	|\'	|\'	|\'	|\'	|_MZPD\Z:c?\"7HR ^0\"	r}-ZK3pFisA}D.i~MTd\'\r~u[Pz*=\0PD?u$BVI\\jϕOk%?\\k^M↴?|\Zq;\r~_\'4hR\Z$2<\0rd@9qdS>P55Bt=2\'\0ׁXҢɄ=USxEk#eRbznN\0k8\\IGMjE/R\ZAHR\0hCTs3P5US5_QJ:#dIkO<p\Z+O)JL#\nvU9iT\0A,(2\05{RGfE)p$xW)2PJ<8$1IlUJ!\"9\nE9Iǈ1,../SPS̼H\nYjPx\n($_\n{LbA()6ծjv\0jzc&Qk!Iĉ9(xuX$b\'v[d(IQ5`YW;)\nI\rkW\'Tx>9%ua[·̵jr|HIM|2@IyAοeБB:PH\'.#H	JC9\n\0RAD`;R{=C5,$Qޭ\ru2ѮT[=C6P@&PnaߌQNjp\nsOSPĨ7\rl\'H\'EIJyƍ*vq&Ep!@ơn9()v𝒖K&%t@\\DL[VvI=}ģ\\KzC,{@&.,c*\\$JRPx5\"xJ|xWkF3{WT\0v_J^	:4HV\"WI1`\n؜iy\"Js)R+k[*+B*Ym\\[8E\'r5!nANxhXfmIT v)>\\~ok!Rc\n\056t⒙QpdYb>qRP1\\gb\'8Ph)ZQW\n(BQ(p+KKF\"EQr)۪Sj,%xuf\'Br!{}+XWR9S=Ak@\\/D*\n>\0vLX9KY}k+V(MVP^(%*޵~`n0F\'%W}W/18\07j+~{$BDRUe%jM&;#DIQd\nQld\nYYdYnIr+өi+,ЙMBIA\nQhpna1+Go }B$<{	ms~~i`\0`x_cе5h@^*]2WBڈ;q*\nzyc\"<ŵeJɂ\"Y+eM\"Gr]پ1)M.+P	J(${v긺ԲhPFB:y+ȇ?:6\ZF\nC	+إ(E*!ݲȘMr#b)cc\r9\"9nZnYc~\ru;9Re揻Uue\\Q+$nAΦ9ɝM|p\0+=^I)n7P5tT^i\\KDRDS^E(-@JQ\\0bt؁<f+[P	dJcg,B3!TWejd$3H$H*%foLi\",}9ݦX|B1dPD\Z\0\'g+k+lO;UqڟzV]\ri\rJu?^\\2wϟKnOvL;1|d1ʑk}13;Bur Ȍ|D@4.x9@Ш=U\nU)Y~TXHNz\r=PHP.=$MIRݭ\">5|vP^_\'§NEc:VYk	$-{ف9\\\n&\'ΪRH!kɅ:+5+ڎJi2)\\!5[1^Iؘ7luˠ0){W;Rua1,\"u,eRiWXN&eZc\rxɠ0 V4*ŨHzIzMΞJ*]\'?DR]1PR8{蟥Vz#Y ɤ>3K\n]`p;Jz,VCFLHȩ86z\'-e)jʨDJwU$wN\0i#7RpμQ Ƈ()HeJD_}w\n]û|=\\,$hRlJ\"hL3aJ	gE$B;\nF=\\VZ>ײBw｛P:)i\"ER=io\'\\NUAs/ͷu3\Z/{dq]FR/hٰSpMnQc(F0˒Z	CTQ%\0R$UWj}۞ RYu\nZ\'\\EI\"}W8]ꕳ,\nͱu=(;o\\X7\'V)MA\n]!Xv)mNXY#:gO\n2XNۘE2>UHo:{6FOE8 rس7vS\Z4	z_wU6N`#z(Q)Amǋwu$I 4_Uq.QPg*96(Xu;nwאnU#\nyVڝ\'Ӡs]ǰ4BƄ^JQ*E|wyf[\ZFc%}?1Qhѥ%.6^	O1<l~DzҴkqXf/`ҧ?3x\'g8&ҵNa؁qniy,TfEtk;=^XK˸\0iy(QH&45Nb3@;>PKl7so@}^;S\\y>|dbs꽅<N,?\02Kjq\n2C7۩9B$(8su:f,f	YBg3rYO*P1\nV7bшtG0+ZUsJ%!wZG{b^QֵQy* 	N,R?8ra\r(-;Pt8{Ax\n8(E)f83KYɄ!΄D#փ1,)H$PbU1}|sĶQYbN9\0wF\'y5r˯@Uv8(8܆va{1~o^ߐxo`xu3~	B=?ٻ~;\rmMVv [snQvXA;qs;w΀83vNvq\078xd͢v0!qշrwW2y3vm/mK\"Rײ߾lVܡ`}Aّupv3,p;ňf0*ޅ~	)~{/}!2m3C\'pubm?y9~g)\Zqۗ\n.߽¿s>ncE% ˟QAvvr%vs\"⎲yWw?n\0V/Od.eb Ӱ?6]s,3or+k$юb$7%	A9)vGxZwBZ~j	n@&>޺1j/e	d	o[n-aC6JpQhA֫iEI\ZAV\0eq3^U1ꪀ_z?e%3WĔҕ6s]䡯@/d1a	\'	Yj7`Y\"Z^	+\"<\"}\0ZWO#+m\'@{iErc~d?݁pyblHRLdqJ[\n`^O\"@ً1S{4ѵ\Z;Jk-^XfbLx@|As	ILCxFJL,)iPlL&AB*2=B\Z>G8#;TLǕJX\"^uCnHI&kĉ Rr-Cڥi%hEQAq9[7Vm7Z-Y<gkGg$	mII8?@uVYU}k^6\Z&In;(Xʯ 1z@?6Nw0,\rHp.E\0T\nݲB3zH^LH>KӀҝG1H(6pn0K!4揋!Efy\nTY&_gd\'=߷\'+}_vw{6L؆lp\'T<8)ܮL\Z׿tJLLhu$h%!D2!;1e\Z2!dieDr*\Z^^l\"0dY=tTNtDgvXY?j|&va1fqIt$a\'3@s-0d>\"G1C\'O\\m^S9Ǘ)	fm\n\nCQS)N4jl69f!_,\"_E8,	vI0fB*^&6Vf>sdB/QXXlzmkXjDJeb}[8RTs?=D#NY;GF_iNҝd@\'Af?c\'h9\Z-#W/;VZn70f\\i_ڮT@nN M+E׍FjS\n6	6K ̄0O(&Gq4+IjӁZUn-c\"XVgt0h&hI`d(ηZ)RRe-Ŗp5ɏY|t[g	zy\0GǑJ;9U:<9爯J\rj<9k.[ujXޢ|9TدwfYd, z|qtg](K8>pzPonL\nЋ5]0%P[6Atn60YS$^ו0r,*9HJ옅KAM۰axr#HV\"M_\0\0jO~V0~{g/,K_?tbd58c8=0@7Xזּ$[0HèoOI\"Qd%I/fW7\ZM)>|\Z5w\r d01\ZmN\r#QfMY͘&\',bJy=k\0NwI0I̷$PR\"1NNNęLXJhGTYi5zJ+dOaju_\ZkP0/\r k+SL?cA9rlmzHߨ\"\0J]/Frcj69ָJԼ^h6EWJ@opMx=,>v+c<ӉV6xM1qNr苓])\Z=\ZxQ׋8,C#>\\jv.΃cv4v&N^ސ8IDHBDy,0ube%xg?>Nӆ=<KL)핰:0Arͧ\'9 |{W?\ZS7cRfG?\ZC/X0߱oN5<Tfo;E.U?{￷<4Zk.?Ǩ\'<qƃMN<KKL}KJxj6_fmmGjd(TZ\nz4%\n8+cc,7%޽8ϩ9$L[c\"$B˙WpOM@>WO#_?\\ij7#I𗧐aJkt=uf0bbq@\ZZ8 +f\\e;ل66gmYLʙC5ϟ`űy)i36ހMI&y͈oQGqi}z[k/vk(Y2/ؾ\0OL\\f\rF?;̱cVʅ4yZ({A_P\nu\\ÌES$7\"Zߙ!Mb:3lrlm$Bpŵ5js#40@{Gjf0 A$^{I*lr-[SےU5BvKL8i\\X\Zamm\rZHZ&.yI8i-VWfޕic%o/(_gn\"K_sI|dIԨ8yn6Rxӓ&jU8f)$	g￷hi컯3gH=Xgc<vzS]}t6q&>~Mi*[!Seگ7˴,\nکw$ww\nW~7;/pxP٫,s\0WLj.}ck=N>HVB_fѲޙdu:s`by	@O2)|==wܰ8\\}:Ju3m5:IB#R&EG6z&g,	@04<tjg`,wd>R=	wڒJޭkhsL~^=sVkW\nirjOO<}ef1a\\ϒ\\M\"s?%z0l䣯\ZB:	}[v;]fCk\0cP8ljr(j\r^؎Mԅ=82xqGӝ+SC;@	SZ1Ƅ1Ƚy]9ur\'\'\0}o/z_AD4_.?@)slmo^	40P#|{R-11yE8K/O1nS0E˨z!CEn\ZTwU}Il]g0ln:\r~|8	^L㏕FQdlw7cO7u=XgKG1G/\\{f1`{h^P:c=_ju]ccL+{=\rq8chmn\\-W^a8t`Q$&\\veWiGYx5@!oL$Qr0	p=ޡp(O1<۽1c٣59z_\ZLz{N3>ɵ]7]HiU9u}q9<TJ=oaM6d2Pt(B<EXUJ̋0ZwCau]\nFkeo0cvl\0B{/dT:EL7@F\0(r?f{Q,<whW,ύ\'ښvWB%\0\0 \0IDATѶJ),?ӣTVswNs-HۉMHR3n1=KX(54e1*{4LͬZcf.=ޝ#O`c@u)XZn1Sd7@ ϼrq!XՄֵ/4#GH|>Jf46P߳y^v.|~{F_;cL\"L-/XcN`ϰQfvM)z\ZHS\\l7xAwgekh]	񨣘73NTMk̾yrZ`{s\rMu\'#f1F.d0$^9SY2ʍ \\[}J@)M`˝}qoE	ַ_	+}w,|1&;ؖS#kql\'mo˘ҴeJk}o7\'3uWc/pO^~N:v>lA-2,sw.?:ص\n7CBwK(&	?m]MhktIP\\H܁!T}s@}ZG\0nFh5<HV\"cZu\\\"vO-EGSA!բ66#s\'m΄3VkXxv{d$!z Ӝ>GWˎ4+24sbs\'LLE|^A/wL&3\0f0LLvl\'\rwMG1kRr֐l,Ei4I8=0@#=w+$xdSj\'h}{$N\rzNG6Hw8\nX\n!)Gɋ_$4ŨzM&69.SAs{wq_\"N2!`ﰢiaE:l%)?}{(\\ˌzz<g9|q~]|R?8BgL>oMrHymD$Sƀ?w,a^TX%ӁQeBA,-&G3ShIH2habT\n>ƚ;l	}\Zg*Ȣp*yݍpC+u`XFXLn	E.Uq i5+fɏj4$Y^\"|gs#?G#LSmjW ]ms,U@̈́ݞ\rD$qQZ4Th\Zۚmx5\0835LhfBS\"\"]X]qze7Њ\'#>r%E!j	^YTRĖ>}i!q,qL4ndy	I#+m2Gh~gwy=etڙOaBN /X^c?}c1M}mbm}H\nNl\\+uLxcWJjYOj=n\n<xQoi)\\Y Be\nmT	I~Ltqf+wCӁ\Z\r@Zo\\ώdL8U4Il%Իī	~a6w\Zuّ+m哨c\"i/d|^Mھ@##C=!Y|oHs@h6\"wga/w	Ҁy~`ߟ\"G1ˤCSN`J)(ߜecL݈AUsqU+џX\\yi?y2UAsD|PIJێb6I8U?\\Ϟ\ZԌ>^!b+Gp4uVm򮽰E4H%䶼O3 1ϘA:	}2.ԂUEe?^$a!·{ 0YF^>Źm~nMAn\"1Y8s[dimQҢuDz-(JkRDX\0$&\rVYAေYԫ`q~HуD+aV%}^	B_׉irj4NN@\ndSkkF%3FթvGh}k\"Q\0PsK/Z]tWTۣ \' JmJ.oWJNz]@oQK\"G!L\nIuܠ8Ԛ!Q[8u=-UJRYTT<\rjAMI>iQj񝼳S,=9IIzk}$	ͧ\'IzԔߟ$qܠҲ;x?9ٝ,bힰ~xrMC0\naTގ4ksZ?`4N;Go`#N/:4Mq3F/3\Z1B\'fty{<b7ΰOgmG\rE^Qq9~\\|s/޾T&x~(U0v9:#Y	ools͸om\\]n{XՖ1lEb].y>PpJTU&,v|xrpȍw/Ӏ^WBwNi;9+k-/綥G$1)e靷r<F[{^g\rO^Z,e	O\Za%ƑveYVu&L \\2~DJNE115C]G/KV,xܪ9bm=RfA>ʆ]tHމ8eeNE(LM\\)}eWOѼǨFG>XˆjNS\n\"<%9Z_;w1qi	/N=C{z#/OuY/NeGmG(/Ag*lm˒g7+;bH )3pTj83{%3Lj?Z*/nz%N|2uii8mg!c|F;5MCm4%64˒0Qxk5U\n]S4TI\nmlB\"WOmtc\'w!ހS.bg_\r	dMfw{Actm]ۇ&dX*Obj)J$\"ƭ$,<~7zܝQ%nj3N|ݮP? $g1+HQHlf@2O1q#=©%\Z/>9sg~o]3fFwknꞀ%qr\Z1ʐo%ipsktj͑K	ߞ\'Z\\)&o\0旎\0s{7H-!cƠDY\'lo2lfS@R1evtI}\\*s(iNܵ6YmF:=u&x$a!\Zuf_>[ou`㏌Ѩ:\r\' \":\\<ҷA!I\'[,Z)B.qCo<y$f3G5Ea|wL?\'Q8o?dtslM\nmGL[mr\\rZ2(cWOZ\'8=<ĵJ8וƷhkC?F#棇iDЏ^#Mtq8k\'&xfLpR㾦;Pb0kk7l}#(\'9;0@j\'/pNi}{`[UdՄ!ܪW9Y-Lwa	j՞76JwUiD;g\'3!D?]fi3QFD9p2aS}(|Թu̹.fcGnL\\ܕX~j?諧A)qo1EHW¾T]1}ġ!Qgbm([\n5i\0lRZRI܍\0D*L8:pь:(owߡ%hx.t	@Yİz\Z=ӦFS/AV#^hwP.S&GuYNN%WOq~`\0}_c-ϗG}fDd%d/TNbՄ֧6\ZT+!})`3pǕfdE\"Q/Wg6(g骅{_VޔXl;x43K8\\ieןjVT^N\"TywͶ?U)r3(ЙI!;Sw_Afgߘ!i|\\SA9=f|yi\'pvKW_?e{%ls9)(0r\r\"<z1nSS#eԴS	G)EPSF;x4us.tY0{g?<\Z[ ],gb»ȇ&;KđuFJ~J9-(/}WM*Ti#cS8cPaJ<mLf=t^wNkpŻ/ GY|8r=dSWJƓM-~A]	ΰFF],eXĩa(g~C:sl;6|e\Z^gucrmN`wYfG<gSԤIKnVej<HQue-ki{+KҖ5yզ>?y9\\yd-HY=~\'z%}G\"9Cs̸.~vQAOORh5#\r$gA	`mO?J3\ZsEHi`]>ltVVEw?T3;vdÝ?\\$Ką#,>7g\'?;J!ch/.B!%vĻE	:)ntmcemjЃ0=i-ڮkƏX[忲s)޺R{mm؍+B \"^	p	̞+G,rsU3X@>*(^8Ai揌D@JˌngzXcq\'M&^6S$}I{X\"&5\"U30&U޳Q\\+Z	R##HhZ߫9Ԍf$\neM(^$+kvw\\Yq옭hGKwk-01@_\0H~HCaz+YkΖŤl\"E SU7	eIݛQL\ZAYZ	tt#,2VЀ|DUV1H<,v:T(brhcό Bzs#E}[(a91H`~gQH+Ω`MGПjl?7sÂƤ|`\'O\0GT\0pP	Xbd\Zu-Xd.E2|Y #B\r\">Ө#q|]V,꤀BذU>KNwA*`	\ZF|lw.Qs䍔[B+ҬlHkþҞά;@\"vaw)LM>Jb^,o^\"Ijj۰HV4HK`IZcJ\'D[:Uv0SNL$BZh2fdLm&2isFjL\r]$)ALA~U?QwWtdc%\0V]G~P75O\"yG6>\'6\Zm+PT`t\0=\Z	\"\n%/Ͻh%JvÄ$&*lraGX蘢9X\\4\0hF=2NR!vnSDҢZ*	*eJFoCL6&q퇕[T-֬<Cyql&doj|޸ǶwMl.\rx%#=:IaUKV0V(3pQ\\#$@@]8\Z@$D\nvU\n%LXWcma*)\'P\ZOy«)p22/,B1$$Ix,hJ~utf		_=Os난U\\:e߻H鶊lЍ$W\rod\n!yCVڐjd%A7BҎp|\"kr\r@]k#~6h֡&y0&06(0^I*<oP\Z(c=VDؼ\")IzǳV&6<2pDk)c|5LtT+D\"_$r=xD-lt\Z9H꙯\nV@Aޛ7fȲ3ymE:h`ح !LE BrbPuXl^aabTP\"Ɇ2TZrR5TvshFl$MW²2\n.q?	M&BHnT^8ǉGH;m26u$et-ã4op~_pk6Uyrɰ[kڧ6J)\\_4A\r>A\'GU T]!!`\n耺OyIXZU!a)c|x@y6ج$\rW#$Nb\nI\\Ed\npWNٔ5gLxt$ITT5vuY8Ʌ6*6Am-qn>PAUD9f0-XHݖt%AmJ1@=@>A1>DPP{ѪGFJbj.AQ9\Z=+R*\"\ZKW\n$V\"l*ANUA|&\\i=oUk!3EC$aH6Gn&(h]\\`⏧IV}fl4& `d%-m\0V*QxPI){_Rj&_Vp6#h<gYYj~`tDҒ%]%*l4gd2&(kBqGhP}H\"]2_@4\Zνpo#QT2{Lm\\߷i1R͔WO3BКGzgF|z硖yk[,N\\PߛY=vj4(FƲ|6@cH=KImuLǙG$/CE\0~Xqo)+j¦[MVݔ\nqZĩR*h˒&^>w_r~0e++ML>w̡qp2ev䦭5\'	!A/>cA~^L1\r&Q6|P !)floZf#D&O:)#i_.$KieF\nE\0\\}d=QR\Zh@kÆ,Y[9[\nuF;a4s:gGrM	9XBV.D2aѕ}\ræ:	&,u),pΡQī	A>|+eFuQ$MRdU5}g^jB7FS[b:;XB=G WB.#k880-\\x67N^hn_r~=\0-Qs\nN]\\Bk%z{F:aC\"\0L2H&YM	[$v!7A͉\\ѶfSL^(\nČ~a.sŞ$2\"4%|gڟLTl׬\\_l{#omdҼ?LYkT,}\rTOu[MN\ZZj !#xw# v;\Z2#+밋vJGl\rp.Ҝb}ev4\nW)8So}vPae~s9Tɍ&ɍGY,K-|s$!s?L3c!jo0RĒB3@0<Bp_ThL(HroOh\0OOr@\0\0 \0IDAT{3)eJ8VkeOg~M*ڭu3.G[j;lWi ]i\"	;I!*,<tbIX,1eL+p~ASÌqy9 ԃ9d0j@&DWC}XA=Xj/G(WM.7/r;SwOvL4,ED`1)}5.4/%VUsp{(+Z.w{y䝆sf\n	W/k&qE4|)ح%8E@$E,%ٌ˱)mH> \'Pľ\01(1$6qCЁ<T.iT*Wt7BEt*f\Zesfxw7@rwv~>?>:H,uZJuF)It;$]s\'\'8Ǚx$gY\\`œ4K$\r;UcGuRLXx*	GBWj@+ѬF_up>C2ll9jX S\r$fYdkyt7.TyUa>]\0\ZBOGʷ4l_jѪN\'s3&)Y\\<yzK/08ϒh=~vRv1n\'65I.F`Y9՟#mD1P$+eHpoոHaAIn>5%^F\\N)!Y8}Mq35Iֹ3si$5R=Uϫ:=nNb/w)$Rur(KX!C&45Wk	[	N7Kz=-d\"B&\nez(!Xx<KUђǗ~qg(gؠOB ڶFA7Wp3K)9dy/@tqy_Ejs3uDډq)*GRSnƴ>3&20(hDu*)Ado\r\0RU1v$K\ZYm,c\\]T4թVTCp3L8	mN1[QwkUk-Qr#F^\"	HI42B҉N<ljէTAf.s,)+j#u1Ol!1̼5_Ws	\r@l\roEJ)圣őp\nSWvwɍOH+u;H-+ :8m*_(Fkh!&fA8ՄlMǺaf=9ɂ-w~*#h=9ȜFZ=.Bh!PEQƭ[PdjA,9YpŗJ^ͥxdgڰiJwy?$nA\"Up	IIvJ8//x(T\'5Qц{޾P=p _ [I`\rm\\Z%mlnhZ~uTRjGоhp#9}\"\'-TY	\"v\'ܧo\Z4D	Ul=fRm\rVzXo«^V\0\Z=m{8b3vM\":=t\n ]i_R!z?$I\'ጝt1r%4g,rA|uyC $j%MI#DCI![|\njbY}\ZreG?¥:aܺ\n Oi_[vMG&8.tt`0H;ImՄ5{CRHג};M34!\nɩG&@9xgcQWZZSMAʥ*h[stn݈@yX/#L_`\'D	+$o;R9Uf*lj̐P[{6vv+զnBmksKofck\"Pzfv\\-C-Rq{L%r(,҆_9qfytWzΊ67eʬZK~pyo0}rw5hAy_yYu*;=d>mm\n3NkR*ra=@9ΣlЍ*6~ٻU0B\"kC_uC|z:Uٰ\0<<R7j{E]͌=\"y\n\r`?9TNnm-Uof@hWW`aKjۏB+l󵭖i`q$f6{5\0PxaIU]UոmA5FP`m:tsK8gGt@(hOT)\n쉟W3LL)^to;\"ٮR\n|\\C:#\\1lTNZ^)զR0\\zŗ^9TE&3#Ѻ_v(=7!\"Q6Jz\r\nml\Z#)](dߗ\\fZy{\"̵Tdq\\ϋQ924Ph,j_mF\\\n)9	=L`Pv+!:0RdrccS/9ꪫh=qLϲ]n>G8Y!VB666ʄD\Zɭ\neR2c_9^&P*̽p\Zo;ȡ`S:FrV90g+RiӃ!_lNچ={lq-FK&@\n(Dң2$/e٧Ow6%H)E8hPMV7(59g\'c,|g{UdeU;O*\'xcĖެ$*½MfӊFKQ3BEvi92\Z\'\'娲*TF[.]\"M!#!)Bs},T	%7|N	J(PG)XV_\n!19ycodqƈ\Zb14kפ:Fୋɻ}2(=LW$q/-.HN4Mv*@	YGL|𽳌=<Nbyǀv~n\'4#\'t*p$~$WUB_Z@֌ތI~0Wlu\'ժJ8Ar3y`D붓0aE:Q]횺[ܠ0ڛc$\0>;YgC\'`|mjTJ1(I;	\'J0·Ny^?K,(ـ}}M7WenS2O6H[@a|sc\Z#[OrRD\r<x󰒛q-,%Wp4pwD|eŲXydIUVᄱɒrj-Vk	Y6||e;G75}$3fP?̉L?SNM,.@WZFN_~T\'CMkQ:_K-Sm70R<I0l5ِ\\Sk+q_*\'&q?׉caQT=*tZERdcca֊Nq>Š6\nU(<uv@ʞPY}՘{H0ZJ{]66>$P0ǚ_M>I_CMtJDC~,[F=\Z:~I(+>u^pIt8n6	ZsV\'&sT1M5!ìaW\\LĈCy9Z[,v{B܌:/`k\'i9)c7Ͷs%,ِB/!%Ҥį߸3Yg.njmm>ߙT+Z&*nVBt`_m#%\Z[[\0ABHHm}:08og>~Ď>6^LDYw(\" z/\'$ttMWϱlMb[ڊ!PFdPasWDLV8-:D\\^ҹZ뽹9|-E\0ejvMLDbvffJ`|auD<#NZsqVy]dJRB\nĨBӄsC)5*^~}T#y#1_sMZ}TH[<!H10|ʥr1Y|b0\"nqod$W0lywMߕKnhw\n\'v	Mo-ʎ-:v\0yLj\\m?bsQ߭\'Uzhx-}rn3,K?8oT1q:ҥcݎ*IB;LPR\rZ\Zf6YSY	$ixǔ&M+wi#AhRMb2B>=[sUTGjqK*{GHi>4W.p{NUdhm]6J?Ld\"Ťܵd\'Cq9`e}xK2cA@z3\'YI^i#b#ė/N8Ԁ& vs@Y@W|f@:u5֭񾁑FxFH^it+{\\WVZ㾔dI:lߝJ5VWl{}1\0TDADIGhzdOOII/S(`\ZLÐZz).&kd	_:Rw\"uS2TUi*n`Oxv#ЋF)LEms70R3K\ridK\"03]MR}	8wm@hw3&Br%&tt.vs-EBۭ͌< ]bR-FL~}Wg{<>ͱ/}uZ^1o2KWV8uԚei11~Zd=~xqp(Z6}H\\s9\nXixz6\Z-}Mm7\"(̅:DNgWY		t3zCT%j-!RL}֙+lvDki^?+׉odb?zod$\Z8}8YGTJe|xsyfyv¹o{\rvBq\nȤBM\'\0)ݑN/*T?!1ǡ(SUEIc`H=yC>.)L^\ZiAKOIWzyBn\"/Jmiu3IfPZBtû<.\\ZIʥ%\' Nqgep)>n0qN}e2/]1͘C˥iUlZ+[нw{m%Z@-cѾ Ҕ\0Gڤ*\'1qdQjSpi.u^?gt>жurfoίu56?ԣaJ@%6ӛZ)W-6]ҪmB`q><췞L>9&8Y\04R\"I\"1>Z,ɯ>w>Cġ5==ř?9E`Qo,#īiRs۹ۖiv%Gǎ\"gyӤoM#=UAz[@Z9A*SE)lǯ1qL_d0^8\'A0)1߿+gu>ǿ9C|e	o`sX1ٍ=!99w`8MjB0<0@($10/\Z\0a>\0aT>ـA_A?nR\\#OȓǶD͘KseZX[ڂ!yѵɆ8N\\^x//&hk0D(TsdBFob̿vVg<wId}}?{I3RKD<*Ty^u݈:lK 4!aHdwLHjZK*t/Z0boT D]9gt5^2L8\Z,mMUiLTFv8gX|sQf0:uf,g2T>>\nUJqB9Ӏ-Dc$z6h{\r}{$>+ztyѯM#n:\r){{GƑ}>237)/͈O\"}	oyA30(p`\08y\'P\nܤ\0\"9p$<,cc諊ڠPXw/v47Bu:,<urr\':/4)Lu(bj\rRveI%#eWۿ>8;dWDH(j\r>\0FLl!YSWjhCQM$,Պ]S\nG.m>ť=`^#Az-\\~CKqvC`9=M;!le>Da.Un#]qQ.\ZNn @9ak䪋칡? ԏcPDOlߌ+w}y(B4)\'Εe:剸7Rs]\']L*n-\\{=\nB7l\"\Z4n{nq?lP0}ZnӪf9STN{5&xQIJѹ%3~LU?j\r	4ϱd~Z%IP!LX\"b>	\nWTNQ#T(B6$SxJ\0e3l}siO+@)\ZIE&f}زq]:GK7cMe%ُD01,z6VZif=>]R9ĭ+F_b;꼽LI𺪪3F7㧶G`tߙ{uNw&ckyJj4K5QS\'k	xn[Tatƶ~\ZI9U}\r;:|S?7$+ U:>?%%Ᵽ%Z]\n%K9i^|.Tep=2TjY3RW@m9M)wrr}osko&+R\"t\'7Aa\rOc5S*&\0:+N\\O-\ncĊ(u&(<=д[Ȇ58I-iEŲS_̖ԐᴛwS8rso3v;!,L~UeΕpJ8H=+`Jl!T+(k1kXP톸ySN\0x#߈..Lך4`nM!Hڝ\"<d0amSeQވ:%/z|~ְ/Hǋ,Jk~fEa%Z~nKwRFLh储cZ+6(d8ˌJk}T\nPk=GA`<Z]7Pe<6QdBAցN?;/?-Xj\Zـ^(Q[Ԁe\\\\*Ku,0<JsUHiC\Zͮ2hTQyj6%+ķb;	IWnDYJX@p^O;*c+٪ZcRѭU`\ntƮvϳhߌ\rDDw~vB0\\=0av.;e$F\"^vyBj#2fL!.$K d\n֭5B,݌/{\r=7MxfWi6b~=cp&	I.*>5!;2}=ʕ\"[wdB\rnFIIlv&utI{	g70DJIh\n,#.r>Q7Et}dt9Nr*RN;l-eiyy}yyi=Uj 2\Z94F(rR\0~\\޻hݲVO3X6:Q\Z\0>RWxN]wRL7Le%.҉*_;\0Zr\\u_\0\0IDATTxXWb@	O3w{#4Cu2^m G0?ρ4eG-\r&~WJ|̿gcXB1j~r0%U:;ŠNG+}R*d-!IߚſX%7\0~LC#rd~![c}9? YUofG7*EmPݜVLZ+N\ZV]Va+4}$~dhu=h1Sh&RfCbPx2.!]ǅ%cy6aԏCK	*En*<NY?o?ɲ,}tO\Zh|H\Z@3f(_?<|L.ng^~S=w_6P;*FxoLfw5~G^G\0s|0bO8UR!T\rd:sS={z]C3{hF߽k\\\r>\ZTy12@ԁ?wd?̆w>b܇s޻{o\\P1>ۺG1үzfgf~K5%\\I\0\0\0\0IENDB`',1,1,1,0,'','',1,0,1,'1234567890124/1,1234567890125/1,1234567890123/1',0,1,0,0),(1234567890127,'Raw',18,100,12,0,'0000-00-00',1,0,0,NULL,1,1,1,0,'','',1,1,0,'',0,1,0,0),(1234567890128,'Unlimited',150,1,100,0,'0000-00-00',1,0,0,NULL,1,1,1,0,'','',1,0,0,'',0,1,1,0),(1234567890129,'Pretzel',20,100,10,0,'0000-00-00',1,0,0,'PNG\r\n\Z\n\0\0\0\rIHDR\0\0\0R\0\0\0A\0\0\0Bn\0\0\0sBIT|d\0\0\0	pHYs\0\0\0\0+\0\0fIDATxy\\U?SꮞI	$ DƇhu{W	\rzx/ }N< \"QB&dN:ݝkOj0 uoNUw>{7킿PѺw(8=F&1ȦO?qA+n9@z?[aOd<2AA{g&QtIv>KxHp܍H4d]48!y-.?}tʦYT$Id/ˎ1 oL|V\n,̶U>w[gr\rGLaeYgV`9viQD\'?+z4=OL9\Z9}ӛId$C#%)$Yf,0+c<\"<rYw.}1_`׽c-$\\t	[Wb`\\-\n\n2gA\\qYIFpų906>f3\\cfcV\'j/>w}X;,6Y#|IB[^PW\"0w&;ar@&/p֛(BCx9`udq JLO]?Ʋ..1:3@w?nI՘hnnl\r/\\|~؀,>+?vwg7~?s^Xf#	ɂD@AJ5C9-hv*O{FeZE1C\0*63c~Ox̳$D;wxų]v{3X16f*wo#w;c$v>#gN4ΈkF˂%oPJfT)C]瞵\\s9:hpKb\'\0sM>ifҰ2vI(lAm12\0C&\ruk#ԞuA\n=*tz{Ӑ?Oze&r&[o?G\0JfK^%|J@[]\'?m`ug/!3:s*01&yv38L#^~7>EuX祵8Z%W?R^\'T\nK\"\"LǉN8rEZiv~s( FYzjN؇gRȺdf-\ne9**&PR.i8Xzs+D(8ug73Ol6񇏜L-II*D: %fѷU}}1,dc?c8_!a*R>7Ļ73ͮE0}EHx pZvy 	L47]۹<bw}\\?qA(	8~K\'\'D\nN|h=IS0QT(JHZTA`0CWD5gϘIlF$EVCx|>F9Yܤ|JAzɯ_\n\n1 _FƊ?ͿٗbZ@@/B9;K?0{\Z !dd^ULV(\rGhAA>oQ4sZT	a9q\nU_\rHmMeY3EoW@FF+E)@Fq`Mj7]:Y<WǨwN`4f<K!U,A4V׃ֆ{w,=#y`	MwDRr@#iȡiR!I19\\u9Y C>Y8FFQ{.8dώ=}v2B(q餹$A`\0~Hݓ3OFtGJ4TsÚ8UIG8,{V>E	0;O!m{CI\"	Okyf>&w(zؿF$V}h?čs\"QR\nf^n\nXEkw$U~pUg&1_]{Yzl3vxH\r-bwO?}6>_ȮqTLP+\\&ĵ5KL1}8ʎG	%i%\'_r۷G1-F&\nئ\"R4`K.ʟH2kbYn17:Kfi&z>h ӯ?l ;6tMnP\'.1.͔	\'`?}&p(@b*s\'}id{P\n/MYk0#@\0@/#@!Ď4wZu\rY2\0\Z\0Q2\r=0:PtrY&k&z1?Jcۭ\nVN;S^h[>Be	$@B\'W{L{AM0gh=`hRr\n-T@<z@gO?>8xO AMy(6#;Fk$*0Gɔ|E\"\'ZLd+	j*UX[Ff\\րD	CZ/?\ZHSmlfQ<rE)WƯ;\";t&2AKO``h\n`\097w.\"Iffቫ]04/iK+>w!]@Vc}@&R5k$sXW	(d¤%#@C\04Qr=_AQ\\\'}B*խ2}N:͐\"`P3ZKnh\n&)t=kb`Wsuvwiq\\}x\"o^e9T[rb>9WQ\\d,9h g#JЫO6\0`I<>D_j1IɕYRi&Q/v\'czBcErZezg޺\Z`V\n⟅0錒%]Xip}4TUYiZ\Zɾq\Z;g7#-BV+HOWƾU(y3S$PO\0ӌx#DYP)fAa=L8*37ӵ)O+Xbرf؟4Pѽq]U0-PLC2VT;I2VUyu-όub5}%3c⤜lڦkӨj=3Lb\Zx-	+}ZN(cLDnso8k{9h q_ 3DsA:\rwn2c3t?aӌBw-9M2ơk(c]M*)PcTP{&lGvCv7eNƳu:|j|tMY8y7VA=(P]z#.+(ʷ4\0Y:Axi5l9縘)px%Ess֘Ԙ*ƄvfJ/#=LW!Qh#o#SErɈN<NRI\\\rjjF&\\$-7\\ILt2E0ZeɍwA^*S>r;\rG5@,Jn\0A\n!i%HJ@9h ND\n%adL$A\nY/U~U.q\'XWYtg$LӺk\'y9qkiA8Ubyjq:W@Ո&c4N3ZHt:qއ*TTK\\Y:*9^5984%:NcmYK01ٮmOX@NIQ\\cG)3Qp`^Rx|*&bK%l48urR,RYؓجuxұ\\xfB+o+vnKKc&gh8<4{s)\0/J~5*crD\Z1h?Dz\"G..WiߩR\r${ozܼ{1/ȵy)\Zt[=L\"Ț&TG.(PL?b!J+4G-0jl xB{]7e0U;A/2K\0C/ĸ1D(ʪ%itMHRA@ոϖ\\z&$c$*QȟbUu4mUx?-,SukȬA7_M˷\\1kY@Ȣwgn5ް,JY*:u:]UÝ2D\0#7z|<4|N }B6\'%\0;Sm䠁l\r4Ț^uMfվe&o²[bɼ;f+\Z {݌$uc8%м!c\0Մu+eԮygpSZ>aZS ( \n=?2~bJSw<x?;}E,Y)a2֍1|L},&,X-,B@v&Żw:ɴ s+\"Bk9h uMA<	i3_K25Ǿ^rb/g &\\PO0V9\';\n2,9ɔ$;+E!A1I>\Zg$lSTiPW2R^]cټISn	\",Ф2]$/~>8Qޱ 2Pu\'Ixc	\Zbp,\r^&f*;M={; \0uɟ}9=t(GĜq?~_,_ʡ\"3\\!K*f<#\'\rFvZķZFGu\\ǉb|?i\n\'}M	~ywђ]K>As~Fũ߸\nh>l =~_[;nDK&É\0.W_o=5XMXyyCkNŲE	<01ܸgt56\\J6`rW?:s`pȼE:,s2mӡ`b\0\"4%Ϡ3 \"(uׁ 6^l -e=\'mʨ:l|Fsn>K-~@rȕ\rM(~BBA$&MI\'2odyr~VL;@PF=vP1(*6մ>н/Цj1G4:6~l0V%oYxbqpr3[M\'mJÙ4cag9,@μp.΁DI4ٞf`(=D4!מ}P ۙڛPcY\\$wrz\'7}	E<gB/g2#;w3X/y\\&x9l6yqT9[{\nɮȤLpN+ed_\"-s4BC\rm\r:%{kӶ#蕳;ιѝ869fv4Ia\0͕E+ ˶G.t/\r\ZJ͝hÌY\\)j\ni8a)}cH[pB`a<`44ȓ7\\J(qh(I;+։u6@gfGa1f+iB>\'9C*ꅎobt=t\0~򒕝h|IތN<4%w<4woXIm1YiՐ_*U31\\MO¸\"HY6E!e+A?l}aٝyjͲ6[6-\"ɛ2\nE-OcǓ-S>Z|}x6ct%x>c9=$\Z[jPG΃@[6)%-_%9i$,XOPb\"\rct[џQUW7~\n\\:5tZHP_\0X綉y\nX]\Z&W\rmV}D+׃}pG:O\\~E&\rYPilHV0S2ٸ\r:Zn?^ɚ\'{xP*?0Iz?an3 	pRO:9ŗ[׉axɍ$Ix<d*Ζ	ܴf>j[vl\"VְUU\'iUȢI(hP3cR?s5_th<B.Xܭxg	#c&ԫbsMNb#ofBP)|W(YMk7RNVPr$;E&3u(5E(X,QER:RcFU=v[k$_\\̬+kWf{qiEb?\'Qwٷ]TU+5w,h+Ǯ=\Zƶj;PWMMJAJ8$xFNlZ%\nR6ڛc޹4w27z6.N^GD{yH>\"3ŧّRȖ5\\V	>޻B\"nܵ%(6hk0wMNr$k`pBZHJO:Oeϫ&^7	Yhqx/\'ὀԓגhT\' )-6L(à8T4M:,\r[FKr6Cت.<\rq@p/HGcֶN&&E)p	&(svٻݢ!_4bo0Q\"(c\nEPA!]Nn9D$;Ȕ֏*{\'9ji:c=W,BAQ2f5DL\n˾{;+1lP\n&7M:{F^ j9B;#npZ=xj	dUت^m̀~R{N&H}{PC՗(n^Ƀh,C))8$NUaCؑ*860jq^l&f9̿J\0zjbЊ\rtUJZE3-u3>>RP.GEƱYĩkrU37~l`;cjsRImZ[-@c[V@V_=\r\\F،mZpbTX?U,S:\"?4RU[\r4Z\n҂UTFoMxUڅ\0	c3/\rXz@\'25|}f*:s*5q[dju[/2UG5E\0\0\0\0IENDB`',1,1,1,0,'','',1,0,0,'',0,1,0,0);
/*!40000 ALTER TABLE `products` ENABLE KEYS */;
UNLOCK TABLES;

--
-- Table structure for table `providers`
--

DROP TABLE IF EXISTS `providers`;
/*!40101 SET @saved_cs_client     = @@character_set_client */;
/*!40101 SET character_set_client = utf8 */;
CREATE TABLE `providers` (
  `id` int(10) unsigned NOT NULL AUTO_INCREMENT,
  `name` varchar(255) NOT NULL DEFAULT '',
  `address` varchar(255) DEFAULT NULL,
  `phone` varchar(50) DEFAULT NULL,
  `cellphone` varchar(50) DEFAULT NULL,
  PRIMARY KEY (`id`,`name`)
) ENGINE=MyISAM AUTO_INCREMENT=2 DEFAULT CHARSET=utf8;
/*!40101 SET character_set_client = @saved_cs_client */;

--
-- Dumping data for table `providers`
--

LOCK TABLES `providers` WRITE;
/*!40000 ALTER TABLE `providers` DISABLE KEYS */;
INSERT INTO `providers` VALUES (1,'No provider','-NA-','-NA-','-NA-');
/*!40000 ALTER TABLE `providers` ENABLE KEYS */;
UNLOCK TABLES;

--
-- Table structure for table `random_msgs`
--

DROP TABLE IF EXISTS `random_msgs`;
/*!40101 SET @saved_cs_client     = @@character_set_client */;
/*!40101 SET character_set_client = utf8 */;
CREATE TABLE `random_msgs` (
  `id` bigint(20) unsigned NOT NULL AUTO_INCREMENT,
  `message` varchar(512) DEFAULT NULL,
  `season` int(10) unsigned NOT NULL DEFAULT '1',
  `count` bigint(20) unsigned NOT NULL DEFAULT '0',
  PRIMARY KEY (`id`)
) ENGINE=MyISAM DEFAULT CHARSET=utf8;
/*!40101 SET character_set_client = @saved_cs_client */;

--
-- Dumping data for table `random_msgs`
--

LOCK TABLES `random_msgs` WRITE;
/*!40000 ALTER TABLE `random_msgs` DISABLE KEYS */;
/*!40000 ALTER TABLE `random_msgs` ENABLE KEYS */;
UNLOCK TABLES;

--
-- Table structure for table `reservation_payments`
--

DROP TABLE IF EXISTS `reservation_payments`;
/*!40101 SET @saved_cs_client     = @@character_set_client */;
/*!40101 SET character_set_client = utf8 */;
CREATE TABLE `reservation_payments` (
  `id` bigint(20) unsigned NOT NULL AUTO_INCREMENT,
  `reservation_id` bigint(20) unsigned NOT NULL,
  `date` date NOT NULL DEFAULT '2010-01-01',
  `amount` double unsigned NOT NULL DEFAULT '0',
  PRIMARY KEY (`id`),
  KEY `SEC` (`reservation_id`)
) ENGINE=MyISAM DEFAULT CHARSET=utf8;
/*!40101 SET character_set_client = @saved_cs_client */;

--
-- Dumping data for table `reservation_payments`
--

LOCK TABLES `reservation_payments` WRITE;
/*!40000 ALTER TABLE `reservation_payments` DISABLE KEYS */;
/*!40000 ALTER TABLE `reservation_payments` ENABLE KEYS */;
UNLOCK TABLES;

--
-- Table structure for table `reservations`
--

DROP TABLE IF EXISTS `reservations`;
/*!40101 SET @saved_cs_client     = @@character_set_client */;
/*!40101 SET character_set_client = utf8 */;
CREATE TABLE `reservations` (
  `id` bigint(20) unsigned NOT NULL AUTO_INCREMENT,
  `transaction_id` bigint(20) unsigned NOT NULL,
  `client_id` bigint(20) unsigned NOT NULL,
  `date` date NOT NULL DEFAULT '2010-01-01',
  `status` int(5) unsigned NOT NULL DEFAULT '1',
  `payment` double unsigned NOT NULL DEFAULT '0',
  `total` double unsigned NOT NULL DEFAULT '0',
  `totaltaxes` double unsigned NOT NULL DEFAULT '0',
  `profit` double unsigned NOT NULL DEFAULT '0',
  `discount` double NOT NULL DEFAULT '0',
  `item_discounts` varchar(1000) DEFAULT '',
  PRIMARY KEY (`id`)
) ENGINE=MyISAM DEFAULT CHARSET=utf8;
/*!40101 SET character_set_client = @saved_cs_client */;

--
-- Dumping data for table `reservations`
--

LOCK TABLES `reservations` WRITE;
/*!40000 ALTER TABLE `reservations` DISABLE KEYS */;
/*!40000 ALTER TABLE `reservations` ENABLE KEYS */;
UNLOCK TABLES;

--
-- Table structure for table `so_status`
--

DROP TABLE IF EXISTS `so_status`;
/*!40101 SET @saved_cs_client     = @@character_set_client */;
/*!40101 SET character_set_client = utf8 */;
CREATE TABLE `so_status` (
  `id` int(10) unsigned NOT NULL DEFAULT '0',
  `text` varchar(50) NOT NULL,
  PRIMARY KEY (`id`)
) ENGINE=MyISAM DEFAULT CHARSET=utf8;
/*!40101 SET character_set_client = @saved_cs_client */;

--
-- Dumping data for table `so_status`
--

LOCK TABLES `so_status` WRITE;
/*!40000 ALTER TABLE `so_status` DISABLE KEYS */;
INSERT INTO `so_status` VALUES (0,'Pending'),(1,'In Progress'),(2,'Ready'),(3,'Delivered'),(4,'Cancelled');
/*!40000 ALTER TABLE `so_status` ENABLE KEYS */;
UNLOCK TABLES;

--
-- Table structure for table `special_orders`
--

DROP TABLE IF EXISTS `special_orders`;
/*!40101 SET @saved_cs_client     = @@character_set_client */;
/*!40101 SET character_set_client = utf8 */;
CREATE TABLE `special_orders` (
  `orderid` bigint(20) unsigned NOT NULL AUTO_INCREMENT,
  `name` varchar(255) NOT NULL DEFAULT 'unknown',
  `groupElements` varchar(1000) DEFAULT '',
  `qty` double unsigned NOT NULL DEFAULT '1',
  `price` double unsigned NOT NULL DEFAULT '0',
  `cost` double unsigned NOT NULL DEFAULT '0',
  `units` int(10) unsigned NOT NULL DEFAULT '0',
  `status` int(10) DEFAULT '0',
  `saleid` bigint(20) unsigned NOT NULL DEFAULT '1',
  `notes` varchar(800) DEFAULT '',
  `payment` double unsigned NOT NULL DEFAULT '0',
  `completePayment` tinyint(1) DEFAULT '0',
  `dateTime` datetime NOT NULL DEFAULT '2009-01-01 00:00:00',
  `deliveryDateTime` datetime NOT NULL DEFAULT '2009-01-01 00:00:00',
  `clientId` bigint(20) unsigned NOT NULL DEFAULT '1',
  `userId` bigint(20) unsigned NOT NULL DEFAULT '1',
  PRIMARY KEY (`orderid`),
  KEY `SEC` (`saleid`)
) ENGINE=MyISAM DEFAULT CHARSET=utf8;
/*!40101 SET character_set_client = @saved_cs_client */;

--
-- Dumping data for table `special_orders`
--

LOCK TABLES `special_orders` WRITE;
/*!40000 ALTER TABLE `special_orders` DISABLE KEYS */;
/*!40000 ALTER TABLE `special_orders` ENABLE KEYS */;
UNLOCK TABLES;

--
-- Table structure for table `stock_corrections`
--

DROP TABLE IF EXISTS `stock_corrections`;
/*!40101 SET @saved_cs_client     = @@character_set_client */;
/*!40101 SET character_set_client = utf8 */;
CREATE TABLE `stock_corrections` (
  `id` int(10) unsigned NOT NULL AUTO_INCREMENT,
  `product_id` bigint(20) unsigned NOT NULL,
  `new_stock_qty` double NOT NULL,
  `old_stock_qty` double NOT NULL,
  `reason` varchar(255) NOT NULL,
  `date` varchar(20) NOT NULL DEFAULT '2009-01-01',
  `time` varchar(20) NOT NULL DEFAULT '00:00',
  PRIMARY KEY (`id`)
) ENGINE=MyISAM DEFAULT CHARSET=utf8;
/*!40101 SET character_set_client = @saved_cs_client */;

--
-- Dumping data for table `stock_corrections`
--

LOCK TABLES `stock_corrections` WRITE;
/*!40000 ALTER TABLE `stock_corrections` DISABLE KEYS */;
/*!40000 ALTER TABLE `stock_corrections` ENABLE KEYS */;
UNLOCK TABLES;

--
-- Table structure for table `subcategories`
--

DROP TABLE IF EXISTS `subcategories`;
/*!40101 SET @saved_cs_client     = @@character_set_client */;
/*!40101 SET character_set_client = utf8 */;
CREATE TABLE `subcategories` (
  `id` int(10) unsigned NOT NULL AUTO_INCREMENT,
  `text` varchar(50) NOT NULL,
  PRIMARY KEY (`id`),
  KEY `SEC` (`text`)
) ENGINE=MyISAM AUTO_INCREMENT=2 DEFAULT CHARSET=utf8;
/*!40101 SET character_set_client = @saved_cs_client */;

--
-- Dumping data for table `subcategories`
--

LOCK TABLES `subcategories` WRITE;
/*!40000 ALTER TABLE `subcategories` DISABLE KEYS */;
INSERT INTO `subcategories` VALUES (1,'General');
/*!40000 ALTER TABLE `subcategories` ENABLE KEYS */;
UNLOCK TABLES;

--
-- Table structure for table `taxelements`
--

DROP TABLE IF EXISTS `taxelements`;
/*!40101 SET @saved_cs_client     = @@character_set_client */;
/*!40101 SET character_set_client = utf8 */;
CREATE TABLE `taxelements` (
  `elementid` bigint(20) unsigned NOT NULL AUTO_INCREMENT,
  `ename` varchar(50) NOT NULL,
  `rate` double unsigned NOT NULL,
  PRIMARY KEY (`elementid`)
) ENGINE=MyISAM AUTO_INCREMENT=5 DEFAULT CHARSET=utf8;
/*!40101 SET character_set_client = @saved_cs_client */;

--
-- Dumping data for table `taxelements`
--

LOCK TABLES `taxelements` WRITE;
/*!40000 ALTER TABLE `taxelements` DISABLE KEYS */;
INSERT INTO `taxelements` VALUES (1,'Exento de impuestos',0),(2,'IVA',16),(3,'Impuesto al tabaco',5),(4,'Impuesto a las comunicaciones',2);
/*!40000 ALTER TABLE `taxelements` ENABLE KEYS */;
UNLOCK TABLES;

--
-- Table structure for table `taxmodels`
--

DROP TABLE IF EXISTS `taxmodels`;
/*!40101 SET @saved_cs_client     = @@character_set_client */;
/*!40101 SET character_set_client = utf8 */;
CREATE TABLE `taxmodels` (
  `modelid` bigint(20) unsigned NOT NULL AUTO_INCREMENT,
  `tname` varchar(50) NOT NULL,
  `elementsid` varchar(50) NOT NULL,
  PRIMARY KEY (`modelid`)
) ENGINE=MyISAM AUTO_INCREMENT=5 DEFAULT CHARSET=utf8;
/*!40101 SET character_set_client = @saved_cs_client */;

--
-- Dumping data for table `taxmodels`
--

LOCK TABLES `taxmodels` WRITE;
/*!40000 ALTER TABLE `taxmodels` DISABLE KEYS */;
INSERT INTO `taxmodels` VALUES (1,'Exento','1'),(2,'General','2'),(3,'Cigarros','2,3'),(4,'Comunicaciones','3,4');
/*!40000 ALTER TABLE `taxmodels` ENABLE KEYS */;
UNLOCK TABLES;

--
-- Table structure for table `transactionitems`
--

DROP TABLE IF EXISTS `transactionitems`;
/*!40101 SET @saved_cs_client     = @@character_set_client */;
/*!40101 SET character_set_client = utf8 */;
CREATE TABLE `transactionitems` (
  `transaction_id` bigint(20) unsigned NOT NULL,
  `position` int(10) unsigned NOT NULL,
  `product_id` bigint(20) unsigned NOT NULL,
  `qty` double DEFAULT NULL,
  `points` double DEFAULT NULL,
  `unitstr` varchar(50) DEFAULT NULL,
  `cost` double DEFAULT NULL,
  `price` double DEFAULT NULL,
  `disc` double DEFAULT NULL,
  `total` double DEFAULT NULL,
  `name` varchar(255) DEFAULT NULL,
  `payment` double DEFAULT '0',
  `completePayment` tinyint(1) DEFAULT '0',
  `soId` varchar(255) DEFAULT '',
  `isGroup` tinyint(1) DEFAULT '0',
  `deliveryDateTime` datetime DEFAULT '2009-01-01 00:00:00',
  `tax` double DEFAULT '0',
  UNIQUE KEY `transaction_id` (`transaction_id`,`position`),
  KEY `product_id` (`product_id`)
) ENGINE=MyISAM DEFAULT CHARSET=utf8;
/*!40101 SET character_set_client = @saved_cs_client */;

--
-- Dumping data for table `transactionitems`
--

LOCK TABLES `transactionitems` WRITE;
/*!40000 ALTER TABLE `transactionitems` DISABLE KEYS */;
INSERT INTO `transactionitems` VALUES (5,1,1234567890124,1,0,'Pc',10,20,0,20,'Doritos Nacho',0,1,'',0,NULL,0),(5,2,1234567890125,1,0,'Pc',5,10,0,10,'Coca Cola',0,1,'',0,NULL,0),(5,3,1234567890123,1,0,'Pc',5,10,0,10,'Herashey bar',0,1,'',0,NULL,0),(6,1,1234567890124,2,0,'Pc',10,20,0,40,'Doritos Nacho',0,1,'',0,NULL,0),(6,2,1234567890125,2,0,'Pc',5,10,0,20,'Coca Cola',0,1,'',0,NULL,0),(6,3,1234567890123,2,0,'Pc',5,10,0,20,'Herashey bar',0,1,'',0,NULL,0),(6,4,1234567890126,1,0,'Pc',20,40,0,40,'Paq 1|  1   Doritos Nacho|  1   Coca Cola|  1   Herashey bar',0,1,'',1,NULL,0),(7,1,1234567890124,1,0,'Pc',10,20,0,20,'Doritos Nacho',0,1,'',0,NULL,0),(7,2,1234567890125,1,0,'Pc',5,10,0,10,'Coca Cola',0,1,'',0,NULL,0),(7,3,1234567890123,1,0,'Pc',5,10,0,10,'Herashey bar',0,1,'',0,NULL,0),(11,1,1234567890124,1,0,'Pc',10,20,0,20,'Doritos Nacho',0,1,'',0,NULL,0),(11,2,1234567890125,1,0,'Pc',5,10,0,10,'Coca Cola',0,1,'',0,NULL,0),(11,3,1234567890123,1,0,'Pc',5,10,0,10,'Herashey bar',0,1,'',0,NULL,0),(11,4,1234567890126,1,0,'Pc',20,40,0,40,'Paq 1|  1   Doritos Nacho|  1   Coca Cola|  1   Herashey bar',0,1,'',1,NULL,0),(20,1,1234567890124,2,0,'Pc',10,20,0,40,'Doritos Nacho',0,1,'',0,NULL,0),(20,2,1234567890125,2,0,'Pc',5,10,0,20,'Coca Cola',0,1,'',0,NULL,0),(20,3,1234567890123,2,0,'Pc',5,10,0,20,'Herashey bar',0,1,'',0,NULL,0),(20,4,1234567890126,1,0,'Pc',20,40,0,40,'Paq 1|  1   Doritos Nacho|  1   Coca Cola|  1   Herashey bar',0,1,'',1,NULL,0),(33,1,1234567890124,1,0,'Pc',10,20,0,20,'Doritos Nachos cheese',0,1,'',0,NULL,0),(33,2,1234567890125,1,0,'Pc',5,10,0,10,'Coca Cola',0,1,'',0,NULL,0),(33,3,1234567890123,1,0,'Pc',5,10,0,10,'Herashey bar',0,1,'',0,NULL,0),(33,4,1234567890126,1,0,'Pc',20,40,0,40,'Paq 1|  1   Doritos Nachos cheese|  1   Coca Cola|  1   Herashey bar',0,1,'',1,NULL,0);
/*!40000 ALTER TABLE `transactionitems` ENABLE KEYS */;
UNLOCK TABLES;

--
-- Table structure for table `transactions`
--

DROP TABLE IF EXISTS `transactions`;
/*!40101 SET @saved_cs_client     = @@character_set_client */;
/*!40101 SET character_set_client = utf8 */;
CREATE TABLE `transactions` (
  `id` bigint(20) unsigned NOT NULL AUTO_INCREMENT,
  `clientid` int(10) unsigned NOT NULL,
  `type` smallint(5) unsigned DEFAULT NULL,
  `amount` double unsigned NOT NULL DEFAULT '0',
  `date` date NOT NULL DEFAULT '2009-01-01',
  `time` time NOT NULL DEFAULT '00:00:00',
  `paidwith` double unsigned NOT NULL DEFAULT '0',
  `changegiven` double unsigned NOT NULL DEFAULT '0',
  `paymethod` int(10) NOT NULL DEFAULT '0',
  `cardtype` int(10) NOT NULL DEFAULT '1',
  `state` int(10) NOT NULL DEFAULT '0',
  `userid` int(10) NOT NULL DEFAULT '0',
  `cardnumber` varchar(20) DEFAULT NULL,
  `itemcount` int(10) unsigned NOT NULL DEFAULT '0',
  `itemslist` varchar(1000) NOT NULL,
  `points` bigint(20) unsigned NOT NULL DEFAULT '0',
  `discmoney` double NOT NULL DEFAULT '0',
  `disc` double NOT NULL DEFAULT '0',
  `cardauthnumber` varchar(50) NOT NULL,
  `utility` double NOT NULL DEFAULT '0',
  `terminalnum` int(10) unsigned NOT NULL DEFAULT '1',
  `providerid` int(10) unsigned NOT NULL DEFAULT '1',
  `specialOrders` varchar(1000) DEFAULT '',
  `balanceId` bigint(20) unsigned NOT NULL DEFAULT '1',
  `totalTax` double NOT NULL DEFAULT '0',
  PRIMARY KEY (`id`),
  KEY `SEC` (`clientid`,`type`,`date`,`time`,`state`)
) ENGINE=MyISAM AUTO_INCREMENT=36 DEFAULT CHARSET=utf8;
/*!40101 SET character_set_client = @saved_cs_client */;

--
-- Dumping data for table `transactions`
--

LOCK TABLES `transactions` WRITE;
/*!40000 ALTER TABLE `transactions` DISABLE KEYS */;
INSERT INTO `transactions` VALUES (1,1,2,500,'2016-01-16','09:28:00',0,0,1,7708704,2,1,'-NA-',100,'1234567890123/100',0,0,0,'-NA-',0,0,1,'',0,0),(2,1,2,10000,'2016-01-16','09:29:00',0,0,1,1970730888,2,1,'-NA-',1000,'1234567890124/1000',0,0,0,'-NA-',0,0,1,'',0,0),(3,1,2,5000,'2016-01-16','09:30:00',0,0,1,7708704,2,1,'-NA-',1000,'1234567890125/1000',0,0,0,'-NA-',0,0,1,'',0,0),(4,1,2,20,'2016-01-16','09:34:00',0,0,1,7708704,2,1,'-NA-',1,'1234567890126/1',0,0,0,'-NA-',0,0,1,'',0,0),(5,1,1,40,'2016-01-18','21:52:00',40,0,1,1,2,1,'',3,'1234567890124/1,1234567890125/1,1234567890123/1',0,0,0,'',20,1,1,NULL,3,0),(6,1,1,120,'2016-01-18','21:52:00',120,0,1,1,2,1,'',7,'1234567890124/2,1234567890125/2,1234567890123/2,1234567890126/1',0,0,0,'',60,1,1,NULL,3,0),(7,1,1,40,'2016-01-18','21:53:00',40,0,1,1,2,1,'',3,'1234567890124/1,1234567890125/1,1234567890123/1',0,0,0,'',20,1,1,NULL,3,0),(9,1,1,10,'2016-01-19','13:38:00',0,0,1,16424376,1,1,'NA',1,'1234567890123/1',0,0,0,'NA',5,1,1,NULL,4,2.1301104714e-314),(11,1,1,80,'2016-01-20','12:39:00',80,0,1,1,2,1,'',4,'1234567890124/1,1234567890125/1,1234567890123/1,1234567890126/1',0,0,0,'',40,1,1,NULL,7,0),(20,1,1,120,'2016-01-21','13:47:00',120,0,1,1,2,1,'',7,'1234567890124/2,1234567890125/2,1234567890123/2,1234567890126/1',0,0,0,'',60,1,1,NULL,15,0),(22,1,2,1200,'2016-01-21','13:56:00',0,0,1,0,2,1,'-NA-',100,'1234567890127/100',0,0,0,'-NA-',0,0,1,'',0,0),(35,1,2,2000,'2016-01-25','20:22:00',0,0,1,0,2,1,'-NA-',20,'1234567890130/20',0,0,0,'-NA-',0,0,1,'',0,160),(33,1,1,80,'2016-01-25','13:08:00',80,0,1,1,2,1,'',4,'1234567890124/1,1234567890125/1,1234567890123/1,1234567890126/1',0,0,0,'',40,1,1,NULL,24,0),(31,1,2,1000,'2016-01-24','21:40:00',0,0,1,0,2,1,'-NA-',100,'1234567890129/100',0,0,0,'-NA-',0,0,1,'',0,0);
/*!40000 ALTER TABLE `transactions` ENABLE KEYS */;
UNLOCK TABLES;

--
-- Table structure for table `transactionstates`
--

DROP TABLE IF EXISTS `transactionstates`;
/*!40101 SET @saved_cs_client     = @@character_set_client */;
/*!40101 SET character_set_client = utf8 */;
CREATE TABLE `transactionstates` (
  `stateid` int(10) unsigned NOT NULL AUTO_INCREMENT,
  `text` varchar(50) NOT NULL,
  PRIMARY KEY (`stateid`)
) ENGINE=MyISAM AUTO_INCREMENT=10 DEFAULT CHARSET=utf8;
/*!40101 SET character_set_client = @saved_cs_client */;

--
-- Dumping data for table `transactionstates`
--

LOCK TABLES `transactionstates` WRITE;
/*!40000 ALTER TABLE `transactionstates` DISABLE KEYS */;
INSERT INTO `transactionstates` VALUES (1,'Not Completed'),(2,'Completed'),(3,'Cancelled'),(4,'PO Pending'),(5,'PO Completed'),(6,'PO Incomplete'),(7,'Reservation'),(8,'Internal Credit'),(9,'Internal Credit');
/*!40000 ALTER TABLE `transactionstates` ENABLE KEYS */;
UNLOCK TABLES;

--
-- Table structure for table `transactiontypes`
--

DROP TABLE IF EXISTS `transactiontypes`;
/*!40101 SET @saved_cs_client     = @@character_set_client */;
/*!40101 SET character_set_client = utf8 */;
CREATE TABLE `transactiontypes` (
  `ttypeid` int(10) unsigned NOT NULL AUTO_INCREMENT,
  `text` varchar(50) NOT NULL,
  PRIMARY KEY (`ttypeid`)
) ENGINE=MyISAM AUTO_INCREMENT=5 DEFAULT CHARSET=utf8;
/*!40101 SET character_set_client = @saved_cs_client */;

--
-- Dumping data for table `transactiontypes`
--

LOCK TABLES `transactiontypes` WRITE;
/*!40000 ALTER TABLE `transactiontypes` DISABLE KEYS */;
INSERT INTO `transactiontypes` VALUES (1,'Sell'),(2,'Purchase'),(3,'Change'),(4,'Return');
/*!40000 ALTER TABLE `transactiontypes` ENABLE KEYS */;
UNLOCK TABLES;

--
-- Table structure for table `users`
--

DROP TABLE IF EXISTS `users`;
/*!40101 SET @saved_cs_client     = @@character_set_client */;
/*!40101 SET character_set_client = utf8 */;
CREATE TABLE `users` (
  `id` bigint(20) unsigned NOT NULL AUTO_INCREMENT,
  `username` varchar(50) NOT NULL DEFAULT '',
  `password` varchar(50) DEFAULT NULL,
  `salt` varchar(5) DEFAULT NULL,
  `name` varchar(255) DEFAULT '',
  `address` varchar(255) DEFAULT NULL,
  `phone` varchar(50) DEFAULT NULL,
  `phone_movil` varchar(50) DEFAULT NULL,
  `role` int(10) unsigned DEFAULT '0',
  `photo` blob,
  PRIMARY KEY (`id`),
  KEY `SEC` (`username`)
) ENGINE=MyISAM AUTO_INCREMENT=2 DEFAULT CHARSET=utf8;
/*!40101 SET character_set_client = @saved_cs_client */;

--
-- Dumping data for table `users`
--

LOCK TABLES `users` WRITE;
/*!40000 ALTER TABLE `users` DISABLE KEYS */;
INSERT INTO `users` VALUES (1,'admin','C07B1E799DC80B95060391DDF92B3C7EF6EECDCB','h60VK','Administrator',NULL,NULL,NULL,2,NULL);
/*!40000 ALTER TABLE `users` ENABLE KEYS */;
UNLOCK TABLES;

--
-- Temporary table structure for view `v_groupedSO`
--

DROP TABLE IF EXISTS `v_groupedSO`;
/*!50001 DROP VIEW IF EXISTS `v_groupedSO`*/;
SET @saved_cs_client     = @@character_set_client;
SET character_set_client = utf8;
/*!50001 CREATE TABLE `v_groupedSO` (
  `orderid` tinyint NOT NULL,
  `name` tinyint NOT NULL,
  `groupElements` tinyint NOT NULL,
  `qty` tinyint NOT NULL,
  `price` tinyint NOT NULL,
  `cost` tinyint NOT NULL,
  `units` tinyint NOT NULL,
  `status` tinyint NOT NULL,
  `saleid` tinyint NOT NULL,
  `notes` tinyint NOT NULL,
  `payment` tinyint NOT NULL,
  `completePayment` tinyint NOT NULL,
  `dateTime` tinyint NOT NULL,
  `deliveryDateTime` tinyint NOT NULL,
  `clientId` tinyint NOT NULL,
  `userId` tinyint NOT NULL
) ENGINE=MyISAM */;
SET character_set_client = @saved_cs_client;

--
-- Temporary table structure for view `v_transS`
--

DROP TABLE IF EXISTS `v_transS`;
/*!50001 DROP VIEW IF EXISTS `v_transS`*/;
SET @saved_cs_client     = @@character_set_client;
SET character_set_client = utf8;
/*!50001 CREATE TABLE `v_transS` (
  `id` tinyint NOT NULL,
  `userid` tinyint NOT NULL,
  `clientid` tinyint NOT NULL,
  `date` tinyint NOT NULL,
  `time` tinyint NOT NULL,
  `state` tinyint NOT NULL,
  `itemslist` tinyint NOT NULL,
  `terminalnum` tinyint NOT NULL,
  `itemcount` tinyint NOT NULL
) ENGINE=MyISAM */;
SET character_set_client = @saved_cs_client;

--
-- Temporary table structure for view `v_transactionitems`
--

DROP TABLE IF EXISTS `v_transactionitems`;
/*!50001 DROP VIEW IF EXISTS `v_transactionitems`*/;
SET @saved_cs_client     = @@character_set_client;
SET character_set_client = utf8;
/*!50001 CREATE TABLE `v_transactionitems` (
  `datetime` tinyint NOT NULL,
  `id` tinyint NOT NULL,
  `points` tinyint NOT NULL,
  `name` tinyint NOT NULL,
  `price` tinyint NOT NULL,
  `disc` tinyint NOT NULL,
  `total` tinyint NOT NULL,
  `clientid` tinyint NOT NULL,
  `userid` tinyint NOT NULL,
  `date` tinyint NOT NULL,
  `time` tinyint NOT NULL,
  `position` tinyint NOT NULL,
  `product_id` tinyint NOT NULL,
  `cost` tinyint NOT NULL
) ENGINE=MyISAM */;
SET character_set_client = @saved_cs_client;

--
-- Temporary table structure for view `v_transactions`
--

DROP TABLE IF EXISTS `v_transactions`;
/*!50001 DROP VIEW IF EXISTS `v_transactions`*/;
SET @saved_cs_client     = @@character_set_client;
SET character_set_client = utf8;
/*!50001 CREATE TABLE `v_transactions` (
  `datetime` tinyint NOT NULL,
  `id` tinyint NOT NULL,
  `clientid` tinyint NOT NULL,
  `userid` tinyint NOT NULL,
  `itemcount` tinyint NOT NULL,
  `disc` tinyint NOT NULL,
  `amount` tinyint NOT NULL,
  `date` tinyint NOT NULL
) ENGINE=MyISAM */;
SET character_set_client = @saved_cs_client;

--
-- Temporary table structure for view `v_transactionsbydate`
--

DROP TABLE IF EXISTS `v_transactionsbydate`;
/*!50001 DROP VIEW IF EXISTS `v_transactionsbydate`*/;
SET @saved_cs_client     = @@character_set_client;
SET character_set_client = utf8;
/*!50001 CREATE TABLE `v_transactionsbydate` (
  `date` tinyint NOT NULL,
  `transactions` tinyint NOT NULL,
  `items` tinyint NOT NULL,
  `total` tinyint NOT NULL
) ENGINE=MyISAM */;
SET character_set_client = @saved_cs_client;

--
-- Final view structure for view `v_groupedSO`
--

/*!50001 DROP TABLE IF EXISTS `v_groupedSO`*/;
/*!50001 DROP VIEW IF EXISTS `v_groupedSO`*/;
/*!50001 SET @saved_cs_client          = @@character_set_client */;
/*!50001 SET @saved_cs_results         = @@character_set_results */;
/*!50001 SET @saved_col_connection     = @@collation_connection */;
/*!50001 SET character_set_client      = utf8 */;
/*!50001 SET character_set_results     = utf8 */;
/*!50001 SET collation_connection      = utf8_general_ci */;
/*!50001 CREATE ALGORITHM=UNDEFINED */
/*!50013 DEFINER=`root`@`localhost` SQL SECURITY DEFINER */
/*!50001 VIEW `v_groupedSO` AS select `special_orders`.`orderid` AS `orderid`,`special_orders`.`name` AS `name`,`special_orders`.`groupElements` AS `groupElements`,`special_orders`.`qty` AS `qty`,`special_orders`.`price` AS `price`,`special_orders`.`cost` AS `cost`,`special_orders`.`units` AS `units`,`special_orders`.`status` AS `status`,`special_orders`.`saleid` AS `saleid`,`special_orders`.`notes` AS `notes`,`special_orders`.`payment` AS `payment`,`special_orders`.`completePayment` AS `completePayment`,`special_orders`.`dateTime` AS `dateTime`,`special_orders`.`deliveryDateTime` AS `deliveryDateTime`,`special_orders`.`clientId` AS `clientId`,`special_orders`.`userId` AS `userId` from `special_orders` group by `special_orders`.`saleid` */;
/*!50001 SET character_set_client      = @saved_cs_client */;
/*!50001 SET character_set_results     = @saved_cs_results */;
/*!50001 SET collation_connection      = @saved_col_connection */;

--
-- Final view structure for view `v_transS`
--

/*!50001 DROP TABLE IF EXISTS `v_transS`*/;
/*!50001 DROP VIEW IF EXISTS `v_transS`*/;
/*!50001 SET @saved_cs_client          = @@character_set_client */;
/*!50001 SET @saved_cs_results         = @@character_set_results */;
/*!50001 SET @saved_col_connection     = @@collation_connection */;
/*!50001 SET character_set_client      = utf8 */;
/*!50001 SET character_set_results     = utf8 */;
/*!50001 SET collation_connection      = utf8_general_ci */;
/*!50001 CREATE ALGORITHM=UNDEFINED */
/*!50013 DEFINER=`root`@`localhost` SQL SECURITY DEFINER */
/*!50001 VIEW `v_transS` AS select `transactions`.`id` AS `id`,`transactions`.`userid` AS `userid`,`transactions`.`clientid` AS `clientid`,`transactions`.`date` AS `date`,`transactions`.`time` AS `time`,`transactions`.`state` AS `state`,`transactions`.`itemslist` AS `itemslist`,`transactions`.`terminalnum` AS `terminalnum`,`transactions`.`itemcount` AS `itemcount` from `transactions` where ((`transactions`.`state` = 1) and (`transactions`.`type` = 1) and (`transactions`.`itemcount` > 0)) order by `transactions`.`id` */;
/*!50001 SET character_set_client      = @saved_cs_client */;
/*!50001 SET character_set_results     = @saved_cs_results */;
/*!50001 SET collation_connection      = @saved_col_connection */;

--
-- Final view structure for view `v_transactionitems`
--

/*!50001 DROP TABLE IF EXISTS `v_transactionitems`*/;
/*!50001 DROP VIEW IF EXISTS `v_transactionitems`*/;
/*!50001 SET @saved_cs_client          = @@character_set_client */;
/*!50001 SET @saved_cs_results         = @@character_set_results */;
/*!50001 SET @saved_col_connection     = @@collation_connection */;
/*!50001 SET character_set_client      = utf8 */;
/*!50001 SET character_set_results     = utf8 */;
/*!50001 SET collation_connection      = utf8_general_ci */;
/*!50001 CREATE ALGORITHM=UNDEFINED */
/*!50013 DEFINER=`root`@`localhost` SQL SECURITY DEFINER */
/*!50001 VIEW `v_transactionitems` AS select concat(date_format(`t`.`date`,'%d/%m/%Y'),' ',time_format(`t`.`time`,'%H:%i')) AS `datetime`,`t`.`id` AS `id`,`ti`.`points` AS `points`,`ti`.`name` AS `name`,`ti`.`price` AS `price`,`ti`.`disc` AS `disc`,`ti`.`total` AS `total`,`t`.`clientid` AS `clientid`,`t`.`userid` AS `userid`,`t`.`date` AS `date`,`t`.`time` AS `time`,`ti`.`position` AS `position`,`ti`.`product_id` AS `product_id`,`ti`.`cost` AS `cost` from (`transactions` `t` join `transactionitems` `ti`) where ((`t`.`id` = `ti`.`transaction_id`) and (`t`.`type` = 1) and (`t`.`state` = 2)) */;
/*!50001 SET character_set_client      = @saved_cs_client */;
/*!50001 SET character_set_results     = @saved_cs_results */;
/*!50001 SET collation_connection      = @saved_col_connection */;

--
-- Final view structure for view `v_transactions`
--

/*!50001 DROP TABLE IF EXISTS `v_transactions`*/;
/*!50001 DROP VIEW IF EXISTS `v_transactions`*/;
/*!50001 SET @saved_cs_client          = @@character_set_client */;
/*!50001 SET @saved_cs_results         = @@character_set_results */;
/*!50001 SET @saved_col_connection     = @@collation_connection */;
/*!50001 SET character_set_client      = utf8 */;
/*!50001 SET character_set_results     = utf8 */;
/*!50001 SET collation_connection      = utf8_general_ci */;
/*!50001 CREATE ALGORITHM=UNDEFINED */
/*!50013 DEFINER=`root`@`localhost` SQL SECURITY DEFINER */
/*!50001 VIEW `v_transactions` AS select concat(date_format(`t`.`date`,'%d/%m/%Y'),' ',time_format(`t`.`time`,'%H:%i')) AS `datetime`,`t`.`id` AS `id`,`t`.`clientid` AS `clientid`,`t`.`userid` AS `userid`,`t`.`itemcount` AS `itemcount`,`t`.`disc` AS `disc`,`t`.`amount` AS `amount`,`t`.`date` AS `date` from `transactions` `t` where ((`t`.`type` = 1) and (`t`.`state` = 2)) order by concat(date_format(`t`.`date`,'%d/%m/%Y'),' ',time_format(`t`.`time`,'%H:%i')) */;
/*!50001 SET character_set_client      = @saved_cs_client */;
/*!50001 SET character_set_results     = @saved_cs_results */;
/*!50001 SET collation_connection      = @saved_col_connection */;

--
-- Final view structure for view `v_transactionsbydate`
--

/*!50001 DROP TABLE IF EXISTS `v_transactionsbydate`*/;
/*!50001 DROP VIEW IF EXISTS `v_transactionsbydate`*/;
/*!50001 SET @saved_cs_client          = @@character_set_client */;
/*!50001 SET @saved_cs_results         = @@character_set_results */;
/*!50001 SET @saved_col_connection     = @@collation_connection */;
/*!50001 SET character_set_client      = utf8 */;
/*!50001 SET character_set_results     = utf8 */;
/*!50001 SET collation_connection      = utf8_general_ci */;
/*!50001 CREATE ALGORITHM=UNDEFINED */
/*!50013 DEFINER=`root`@`localhost` SQL SECURITY DEFINER */
/*!50001 VIEW `v_transactionsbydate` AS select `transactions`.`date` AS `date`,count(1) AS `transactions`,sum(`transactions`.`itemcount`) AS `items`,sum(`transactions`.`amount`) AS `total` from `transactions` where ((`transactions`.`type` = 1) and (`transactions`.`itemcount` > 0) and (`transactions`.`state` = 2)) group by `transactions`.`date` */;
/*!50001 SET character_set_client      = @saved_cs_client */;
/*!50001 SET character_set_results     = @saved_cs_results */;
/*!50001 SET collation_connection      = @saved_col_connection */;
/*!40103 SET TIME_ZONE=@OLD_TIME_ZONE */;

/*!40101 SET SQL_MODE=@OLD_SQL_MODE */;
/*!40014 SET FOREIGN_KEY_CHECKS=@OLD_FOREIGN_KEY_CHECKS */;
/*!40014 SET UNIQUE_CHECKS=@OLD_UNIQUE_CHECKS */;
/*!40101 SET CHARACTER_SET_CLIENT=@OLD_CHARACTER_SET_CLIENT */;
/*!40101 SET CHARACTER_SET_RESULTS=@OLD_CHARACTER_SET_RESULTS */;
/*!40101 SET COLLATION_CONNECTION=@OLD_COLLATION_CONNECTION */;
/*!40111 SET SQL_NOTES=@OLD_SQL_NOTES */;

-- Dump completed on 2016-01-25 20:26:25
